Stkcd,T1,Subbgdt,Listdt
1,A,1989/3/10,1991/4/3
2,A,1988/12/28,1991/1/29
3,A,1989/2/28,1991/7/3
4,A,1989/12/23,1991/1/14
5,A,1990/3/3,1990/12/10
6,A,1989/8/1,1992/4/27
7,A,1988/12/1,1992/4/13
8,A,1989/10/1,1992/5/7
9,A,1991/6/14,1991/6/25
10,A,1993/6/1,1995/10/27
11,A,1991/10/1,1992/3/30
12,B,1991/12/3,1992/2/28
13,A,1991/12/11,1992/5/6
14,A,1991/12/19,1992/6/2
15,A,1991/12/14,1992/6/25
16,B,1991/12/24,1992/3/27
17,B,1991/12/28,1992/3/31
18,A,1992/1/7,1992/6/16
19,A,1991/12/1,1992/10/12
20,A,1992/1/20,1992/4/28
21,A,1993/11/22,1994/2/2
22,A,1993/2/18,1993/5/5
23,A,1993/3/1,1993/4/29
24,A,1993/3/15,1993/6/7
25,B,1993/3/15,1993/6/21
26,A,1993/3/10,1993/6/3
27,A,1993/4/6,1993/9/3
28,A,1993/5/5,1993/8/9
29,A,1993/6/21,1993/9/15
30,A,1993/6/28,1993/9/29
31,A,1993/8/8,1993/10/8
32,A,1993/8/12,1993/10/28
33,A,1993/9/30,1994/1/3
34,A,1993/10/18,1994/5/9
35,A,1993/11/24,1994/4/8
36,A,1993/12/13,1994/6/17
37,A,1994/1/3,1994/7/1
38,A,1993/12/10,1994/8/8
39,B,1994/2/1,1994/4/8
40,A,1994/2/18,1994/8/8
42,A,1994/5/26,1994/9/21
43,A,1994/6/6,1994/9/28
45,A,1994/5/28,1994/8/15
46,A,1994/5/31,1994/9/12
47,A,1994/6/20,1994/10/21
48,A,1994/6/23,1994/11/1
49,A,1995/1/10,1995/3/20
50,A,1995/1/16,1995/3/15
55,B,1996/3/29,1996/4/15
56,B,1996/6/21,1996/7/8
58,B,1996/12/12,1996/12/26
59,A,1997/1/3,1997/1/30
60,A,1997/1/10,1997/1/23
61,A,1996/12/26,1997/1/10
62,A,1997/1/20,1997/1/30
63,A,1997/10/6,1997/11/18
65,A,1998/4/16,1998/6/5
66,A,1997/6/10,1997/6/26
68,A,1997/5/21,1997/6/11
69,A,1997/8/4,1997/9/10
70,A,2000/3/24,2000/5/11
78,A,1998/8/7,1998/12/18
88,A,1997/7/7,1997/7/28
89,A,1998/3/11,1998/4/20
90,A,1999/7/1,1999/7/21
96,A,2000/7/10,2000/7/24
99,A,2000/7/3,2000/7/31
100,A,2004/1/7,2004/1/30
150,A,2000/7/21,2000/8/7
151,A,2000/8/14,2000/9/6
153,A,2000/9/7,2000/9/20
155,A,2000/9/8,2000/9/26
156,A,2000/8/18,2000/9/6
157,A,2000/9/15,2000/10/12
158,A,2000/7/6,2000/7/24
159,A,2000/9/1,2000/9/26
166,A,2015/1/25,2015/1/26
301,A,2000/4/13,2000/5/29
333,A,2013/9/17,2013/9/18
338,A,2007/4/30,2007/4/30
400,A,1997/4/2,1997/4/18
401,A,1996/5/30,1996/6/14
402,A,1996/6/6,1996/6/26
403,A,1996/6/7,1996/6/28
404,A,1996/5/27,1996/6/19
405,A,1996/5/28,1996/6/20
406,A,1996/6/12,1996/6/28
407,A,1996/6/19,1996/7/3
408,A,1996/6/13,1996/6/28
409,A,1996/6/12,1996/6/27
410,A,1996/6/27,1996/7/18
411,A,1996/6/26,1996/7/16
412,A,1996/7/1,1996/7/15
413,B,1996/9/11,1996/9/25
415,A,1996/6/23,1996/7/16
416,A,1996/6/24,1996/7/19
417,A,1996/7/8,1996/8/12
418,B,1997/3/18,1997/3/28
419,A,1996/7/19,1996/8/16
420,A,1996/7/23,1996/8/2
421,A,1996/7/25,1996/8/6
422,A,1996/7/25,1996/8/15
423,A,1996/7/5,1996/7/29
425,A,1996/8/13,1996/8/28
426,A,1996/8/1,1996/8/28
428,A,1996/7/19,1996/8/8
429,B,1998/1/9,1998/2/20
430,A,1996/8/13,1996/8/29
488,B,2000/10/24,2000/11/20
498,A,1997/5/21,1997/6/9
501,A,1992/4/1,1992/11/20
502,A,1991/6/5,1992/11/23
503,A,1991/10/5,1992/11/30
504,A,1991/10/28,1992/12/8
505,A,1992/1/20,1992/12/21
506,A,1989/1/27,1993/3/12
507,A,1989/4/1,1993/3/26
508,A,1992/9/2,1993/4/30
509,A,1992/1/1,1993/5/7
510,A,1992/12/1,1993/5/7
511,A,1989/2/21,1993/5/18
513,B,1993/9/16,1993/10/28
514,A,1992/6/1,1993/7/12
515,A,1992/6/1,1993/7/12
516,A,1992/5/1,1993/8/9
517,A,1993/5/1,1993/8/6
518,A,1993/4/26,1993/9/8
519,A,1989/8/21,1993/10/8
520,A,1993/9/16,1993/10/25
521,A,1993/8/30,1993/10/18
522,A,1993/9/22,1993/11/8
523,A,1993/9/22,1993/11/8
524,A,1993/9/22,1993/11/18
525,A,1993/9/24,1993/10/28
526,A,1992/9/21,1993/11/1
527,A,1993/10/6,1993/11/12
528,A,1993/10/15,1993/11/18
529,A,1993/10/4,1993/11/18
530,A,1993/10/18,1993/12/8
531,A,1993/10/20,1994/1/6
532,A,1993/10/20,1994/1/3
533,A,1993/10/18,1994/1/3
534,A,1993/10/19,1994/1/10
535,A,1993/10/28,1993/11/30
536,A,1993/10/13,1993/11/26
537,A,1993/10/25,1993/12/10
538,A,1993/11/6,1993/12/15
539,A,1993/10/10,1993/11/26
540,A,1993/12/6,1994/2/2
541,A,1993/10/6,1993/11/23
542,A,1993/10/18,1993/12/1
543,A,1993/10/8,1993/12/20
544,A,1993/10/25,1993/12/8
545,A,1993/11/12,1993/12/15
546,A,1993/11/10,1993/12/15
547,A,1993/10/13,1993/11/30
548,A,1993/10/27,1993/12/20
549,A,1993/10/27,1993/12/20
550,A,1993/10/20,1993/12/1
551,A,1993/11/27,1994/1/6
552,A,1993/11/17,1994/1/6
553,A,1993/10/28,1993/12/3
554,A,1992/12/8,1993/12/15
555,A,1993/12/6,1994/4/8
556,A,1994/1/10,1994/5/25
557,A,1993/12/21,1994/6/17
558,A,1993/12/11,1994/5/9
559,A,1993/11/17,1994/1/10
560,A,1993/12/3,1994/2/2
561,A,1993/12/23,1994/5/9
562,A,1993/4/21,1994/2/2
563,A,1992/6/2,1994/1/10
564,A,1992/6/1,1994/1/10
565,A,1994/2/16,1994/4/8
566,A,1994/1/10,1994/5/25
567,A,1994/1/10,1994/5/25
568,A,1994/2/21,1994/5/9
569,A,1990/3/31,1994/4/25
570,A,1994/3/15,1994/7/1
571,A,1994/1/10,1994/5/25
572,A,1994/6/25,1994/8/8
573,A,1994/7/20,1994/8/15
576,A,1994/7/8,1994/9/7
578,A,1995/1/8,1995/3/3
581,B,1998/6/29,1998/9/24
582,A,1990/1/10,1995/11/2
583,A,1992/6/25,1995/11/1
584,A,1992/8/1,1995/11/28
585,A,1995/11/29,1995/12/13
586,A,1992/10/1,1995/12/20
587,A,1992/3/1,1996/4/25
588,A,1995/12/27,1996/1/23
589,A,1996/1/4,1996/3/8
590,A,1996/1/5,1996/1/19
591,A,1988/9/1,1996/2/8
592,A,1996/3/7,1996/3/27
593,A,1993/3/1,1996/3/12
594,A,1989/9/4,1996/3/20
595,A,1996/3/20,1996/4/19
596,B,1996/9/2,1996/9/27
597,A,1996/5/9,1996/5/23
598,A,1996/4/29,1996/5/29
599,A,1996/4/10,1996/4/30
600,A,1996/5/24,1996/6/6
601,A,1996/8/20,1996/8/30
602,A,1996/8/6,1996/8/19
603,A,1996/8/7,1996/8/23
605,A,1996/8/1,1996/9/13
606,A,1996/8/30,1996/10/4
607,A,1996/8/19,1996/8/30
608,A,1996/9/5,1996/9/19
609,A,1996/9/17,1996/10/10
610,A,1996/8/28,1996/9/26
611,A,1996/9/20,1996/10/8
612,A,1996/9/9,1996/9/26
613,B,1997/1/13,1997/1/28
615,A,1996/9/26,1996/10/16
616,A,1996/10/22,1996/11/8
617,A,1996/9/24,1996/10/22
618,A,1996/9/24,1996/10/15
619,A,1996/9/19,1996/10/23
620,A,1996/10/16,1996/10/29
621,A,1996/10/18,1996/11/5
622,A,1996/10/24,1996/11/7
623,A,1996/10/8,1996/10/28
625,B,1997/5/23,1997/6/10
626,A,1996/11/6,1996/11/28
627,A,1996/10/31,1996/11/12
628,A,1996/10/30,1996/11/18
629,A,1996/11/5,1996/11/15
630,A,1996/10/24,1996/11/20
631,A,1996/11/7,1996/11/22
632,A,1996/11/5,1996/11/21
633,A,1987/12/22,1996/11/12
635,A,1996/10/25,1996/11/20
636,A,1996/11/8,1996/11/29
637,A,1992/11/1,1996/11/14
638,A,1996/11/12,1996/11/26
639,A,1989/1/20,1996/11/26
650,A,1996/11/18,1996/12/10
651,A,1992/3/1,1996/11/18
652,A,1992/7/20,1996/11/28
653,A,1996/11/13,1996/11/26
655,A,1993/10/1,1996/11/28
656,A,1988/3/8,1996/11/28
657,A,1996/11/25,1996/12/5
658,A,1996/12/2,1996/12/18
659,A,1992/5/3,1996/12/3
660,A,1996/11/20,1996/12/9
661,A,1996/12/3,1996/12/18
662,A,1996/12/3,1996/12/16
663,A,1996/11/24,1996/12/6
665,A,1992/3/1,1996/12/10
666,A,1996/11/20,1996/12/10
667,A,1990/12/1,1996/12/5
668,A,1990/3/1,1996/12/10
669,A,1996/11/24,1996/12/10
670,A,1992/9/1,1996/12/17
671,A,1991/3/1,1996/12/18
672,A,1992/5/21,1996/12/18
673,A,1996/12/20,1997/1/24
675,A,1992/9/1,1996/12/26
676,A,1996/12/3,1996/12/24
677,A,1990/7/5,1996/12/26
678,A,1996/12/24,1997/1/6
679,A,1996/12/26,1997/1/24
680,A,1996/12/27,1997/1/22
681,A,1996/12/31,1997/1/21
682,A,1996/12/17,1997/1/21
683,A,1997/1/13,1997/1/31
685,A,1997/1/14,1997/1/23
686,A,1996/12/27,1997/2/27
687,A,1997/1/15,1997/2/21
688,A,1996/12/18,1997/1/20
689,A,1996/12/24,1996/12/31
690,A,1997/1/7,1997/1/28
691,A,1997/1/24,1997/2/28
692,A,1997/1/27,1997/2/27
693,A,1993/1/1,1997/2/26
695,A,1992/7/20,1997/2/18
697,A,1997/2/25,1997/3/25
698,A,1997/1/21,1997/2/20
699,A,1997/2/25,1997/3/10
700,A,1988/10/8,1997/2/28
701,A,1997/1/19,1997/2/26
702,A,1997/2/25,1997/3/18
703,A,1992/3/1,1997/3/28
705,A,1997/3/20,1997/4/10
707,A,1997/4/3,1997/4/15
708,A,1997/3/14,1997/3/26
709,A,1997/3/27,1997/4/16
710,A,1997/4/2,1997/4/22
711,A,1997/3/28,1997/4/11
712,A,1997/3/25,1997/4/15
713,A,1997/4/4,1997/4/22
715,A,1997/4/15,1997/5/8
716,A,1997/3/28,1997/4/18
717,A,1997/4/21,1997/5/8
718,A,1997/3/28,1997/4/8
719,A,1990/2/1,1997/3/31
720,A,1997/4/22,1997/5/9
721,A,1997/4/9,1997/4/30
722,A,1997/5/6,1997/5/22
723,A,1997/4/23,1997/5/15
725,B,2000/12/11,2001/1/12
726,B,2000/11/29,2000/12/25
727,A,1997/5/7,1997/5/20
728,A,1997/5/22,1997/6/16
729,A,1997/6/25,1997/7/16
730,A,1997/5/6,1997/5/22
731,A,1997/5/30,1997/6/17
732,A,1997/6/18,1997/7/4
733,A,1997/6/17,1997/7/3
735,A,1997/5/25,1997/6/11
736,A,1997/4/10,1997/4/25
737,A,1997/4/8,1997/4/28
738,A,1997/6/12,1997/6/26
739,A,1997/4/22,1997/5/9
748,A,1997/6/17,1997/7/4
750,A,1997/6/19,1997/7/9
751,A,1997/6/11,1997/6/26
752,A,1997/6/9,1997/6/25
753,A,1997/6/11,1997/6/26
755,A,1997/6/17,1997/6/27
756,A,1997/7/24,1997/8/6
757,A,1997/6/16,1997/6/27
758,A,1997/3/25,1997/4/16
759,A,1997/4/29,1997/5/19
760,A,1993/10/1,1997/6/27
761,B,1997/11/3,1998/1/15
762,A,1997/6/18,1997/7/8
763,A,1997/8/12,1997/9/15
765,A,1992/4/1,1997/11/3
766,A,1997/4/18,1997/4/30
767,A,1997/5/22,1997/6/9
768,A,1997/6/6,1997/6/26
769,A,1997/5/13,1997/5/30
776,A,1997/5/14,1997/6/11
777,A,1997/6/16,1997/7/10
778,A,1997/5/9,1997/6/6
779,A,1997/5/12,1997/5/28
780,A,1997/5/19,1997/6/6
782,A,1997/6/3,1997/6/19
783,A,1997/7/11,1997/7/31
785,A,1992/5/17,1997/7/11
786,A,1997/5/20,1997/6/6
787,A,1997/6/10,1997/6/26
788,A,1997/5/27,1997/6/16
789,A,1997/8/20,1997/9/23
790,A,1992/9/1,1998/3/27
791,A,1997/8/29,1997/10/14
792,A,1997/8/5,1997/9/4
793,A,1997/7/14,1997/7/29
795,A,1997/7/18,1997/8/8
796,A,1997/6/18,1997/7/3
797,A,1997/6/25,1997/7/15
798,A,1997/11/24,1998/2/12
799,A,1997/6/24,1997/7/18
800,A,1997/5/29,1997/6/18
801,A,1993/1/1,1998/5/6
802,A,1997/10/31,1998/1/8
803,A,1989/12/28,1998/3/3
805,A,1987/5/1,1998/5/29
806,A,1998/2/18,1998/4/16
807,A,1998/2/25,1998/4/8
809,A,1988/11/1,1998/6/16
810,A,1988/9/1,1998/6/2
811,A,1988/12/18,1998/5/28
812,A,1998/5/4,1998/6/23
813,A,1998/4/9,1998/5/19
815,A,1998/4/27,1998/6/9
816,A,1997/7/23,1997/8/18
817,A,1998/4/16,1998/5/28
818,A,1997/9/3,1997/10/17
819,A,1992/12/1,1997/6/25
820,A,1998/5/11,1998/6/30
821,A,1998/5/11,1998/6/26
822,A,1998/5/18,1998/7/3
823,A,1997/8/25,1997/10/8
825,A,1998/5/25,1998/10/21
826,A,1998/1/15,1998/2/25
827,A,1993/11/12,1998/10/16
828,A,1997/5/20,1997/6/17
829,A,1997/10/14,1997/12/2
830,A,1998/5/25,1998/8/7
831,A,1998/6/1,1998/9/11
832,A,1998/6/1,1998/8/25
833,A,1998/8/14,1998/11/11
835,A,1998/6/8,1999/6/25
836,A,1997/8/28,1997/9/29
837,A,1998/6/8,1998/9/28
838,A,1993/1/1,1997/6/26
839,A,1997/9/22,1997/10/31
848,A,1997/9/24,1997/11/13
850,A,1998/6/22,1998/10/7
851,A,1998/4/27,1998/6/9
852,A,1998/9/10,1998/11/26
856,A,1998/5/18,1998/8/13
858,A,1998/3/27,1998/4/27
859,A,1998/8/27,1998/11/19
860,A,1998/9/3,1998/11/4
861,A,1998/6/25,1998/10/28
862,A,1998/6/15,1998/9/15
863,A,1997/8/26,1997/9/25
866,A,1998/4/2,1998/5/12
868,A,1997/7/7,1997/7/25
869,B,2000/10/13,2000/10/26
875,A,2002/9/12,2002/9/26
876,A,1998/2/12,1998/3/11
877,A,1998/10/19,1999/1/7
878,A,1998/4/20,1998/6/2
880,A,1998/3/3,1998/4/2
881,A,1998/6/15,1998/9/2
882,A,1998/5/4,1998/6/16
883,A,1998/4/20,1998/5/19
885,A,1998/12/2,1999/3/19
886,A,1997/12/1,1998/1/23
887,A,1998/9/22,1998/12/3
888,A,1997/9/18,1997/10/21
889,A,1997/10/30,1997/12/18
890,A,1998/11/2,1999/1/19
892,A,1998/10/26,1999/1/15
893,A,1998/10/12,1998/12/24
895,A,1998/9/16,1998/12/10
897,A,1998/12/9,1999/4/22
898,A,1997/11/17,1997/12/25
899,A,1997/10/20,1997/11/26
900,A,1998/11/12,1999/1/28
901,A,1998/12/17,1999/4/1
902,A,1999/1/21,1999/4/8
903,A,1999/1/27,1999/4/15
905,A,1999/2/3,1999/4/29
906,A,1999/3/18,1999/7/7
908,A,1998/11/18,1999/2/3
909,A,1999/3/5,1999/5/7
910,A,1999/3/23,1999/6/30
911,A,1999/3/29,1999/5/27
912,A,1999/4/5,1999/6/3
913,A,1999/3/11,1999/5/14
915,A,1999/4/12,1999/6/9
916,A,1999/7/2,1999/9/27
917,A,1998/12/23,1999/3/25
918,A,1999/6/14,1999/7/20
919,A,1999/8/27,1999/11/18
920,A,1999/4/23,1999/6/16
921,A,1999/6/2,1999/7/13
922,A,1999/4/26,1999/6/18
923,A,1999/6/7,1999/7/14
925,A,1999/5/7,1999/6/11
926,A,1999/5/26,1999/6/18
927,A,1999/6/28,1999/7/27
928,A,1998/11/24,1999/3/12
929,A,1999/5/13,1999/6/23
930,A,1999/6/21,1999/7/12
931,A,1999/7/12,1999/7/12
932,A,1999/7/5,1999/8/3
933,A,1999/7/23,1999/8/31
935,A,1999/7/12,1999/8/24
936,A,1999/7/13,1999/8/10
937,A,1999/8/6,1999/9/9
938,A,1999/8/25,1999/11/4
939,A,1999/7/22,1999/9/23
948,A,1999/8/18,1999/10/14
949,A,1999/8/18,1999/10/21
950,A,1999/8/11,1999/9/16
951,A,1999/9/1,1999/11/25
952,A,1999/8/20,1999/11/12
953,A,1999/9/3,1999/12/2
955,A,1999/9/8,1999/12/9
956,A,1999/9/10,1999/11/10
957,A,1999/9/20,2000/1/13
958,A,1999/9/13,1999/12/23
959,A,1999/9/10,1999/12/16
960,A,1999/10/11,2000/2/21
961,A,1999/12/8,2000/3/1
962,A,1999/11/22,2000/1/20
963,A,1999/12/22,2000/1/27
965,A,2000/3/17,2000/4/6
966,A,2000/2/17,2000/3/16
967,A,2000/3/10,2000/3/30
968,A,2000/4/25,2000/6/22
969,A,2000/4/27,2000/5/29
970,A,2000/3/31,2000/4/20
971,A,2000/4/7,2000/4/27
972,A,2000/4/14,2000/9/26
973,A,2000/4/11,2000/5/25
975,A,2000/4/18,2000/6/8
976,A,2000/4/19,2000/6/1
977,A,2000/4/24,2000/6/8
978,A,2000/4/21,2000/5/18
979,A,2000/5/12,2000/6/16
980,A,2000/5/19,2000/6/16
981,A,2000/5/18,2000/6/22
982,A,2000/6/16,2000/7/6
983,A,2000/6/26,2000/7/26
985,A,2000/7/7,2000/7/26
987,A,2000/6/30,2000/7/18
988,A,2000/5/15,2000/6/8
989,A,2000/6/9,2000/6/28
990,A,2000/6/9,2000/7/6
993,A,2000/7/4,2000/7/31
995,A,2000/7/13,2000/8/7
996,A,2000/7/3,2000/7/18
997,A,2000/7/20,2000/8/7
998,A,2000/5/22,2000/12/11
999,A,1999/11/2,2000/3/9
1696,A,1989/4/1,1997/3/6
1896,A,1997/11/10,1998/1/22
1979,A,2015/12/11,2015/12/30
2001,A,2004/6/2,2004/6/25
2002,A,2004/6/3,2004/6/25
2003,A,2004/6/4,2004/6/25
2004,A,2004/6/7,2004/6/25
2005,A,2004/6/8,2004/6/25
2006,A,2004/6/9,2004/6/25
2007,A,2004/6/10,2004/6/25
2008,A,2004/6/11,2004/6/25
2009,A,2004/6/14,2004/6/29
2010,A,2004/6/15,2004/6/29
2011,A,2004/6/16,2004/7/5
2012,A,2004/6/17,2004/7/5
2013,A,2004/6/18,2004/7/5
2014,A,2004/6/21,2004/7/8
2015,A,2004/6/22,2004/7/8
2016,A,2004/6/23,2004/7/8
2017,A,2004/6/24,2004/7/13
2018,A,2004/6/25,2004/7/13
2019,A,2004/6/28,2004/7/13
2020,A,2004/6/29,2004/7/15
2021,A,2004/6/30,2004/7/15
2022,A,2004/7/5,2004/7/21
2023,A,2004/7/6,2004/7/21
2024,A,2004/7/7,2004/7/21
2025,A,2004/7/9,2004/7/26
2026,A,2004/7/12,2004/7/27
2027,A,2004/7/20,2004/8/4
2028,A,2004/7/21,2004/8/5
2029,A,2004/7/22,2004/8/6
2030,A,2004/7/23,2004/8/9
2031,A,2004/8/2,2004/8/16
2032,A,2004/8/3,2004/8/17
2033,A,2004/8/10,2004/8/25
2034,A,2004/8/11,2004/8/26
2035,A,2004/8/17,2004/9/1
2036,A,2004/8/19,2004/9/3
2037,A,2004/8/24,2004/9/8
2038,A,2004/8/25,2004/9/9
2039,A,2005/2/1,2005/3/3
2040,A,2005/3/3,2005/3/25
2041,A,2005/3/29,2005/4/18
2042,A,2005/4/5,2005/4/27
2043,A,2005/4/12,2005/5/10
2044,A,2005/4/18,2005/5/18
2045,A,2005/4/22,2005/5/23
2046,A,2005/4/27,2005/5/26
2047,A,2005/5/9,2005/5/31
2048,A,2005/5/12,2005/6/3
2049,A,2005/5/13,2005/6/6
2050,A,2005/5/17,2005/6/7
2051,A,2006/5/31,2006/6/19
2052,A,2006/6/7,2006/6/27
2053,A,2006/6/8,2006/6/27
2054,A,2006/7/3,2006/7/25
2055,A,2006/7/10,2006/7/25
2056,A,2006/7/12,2006/8/2
2057,A,2006/7/13,2006/8/2
2058,A,2006/7/14,2006/8/2
2059,A,2006/7/20,2006/8/10
2060,A,2006/7/25,2006/8/10
2061,A,2006/7/27,2006/8/16
2062,A,2006/7/31,2006/8/16
2063,A,2006/8/1,2006/8/23
2064,A,2006/8/1,2006/8/23
2065,A,2006/8/4,2006/8/23
2066,A,2006/8/3,2006/8/23
2067,A,2006/8/25,2006/9/15
2068,A,2006/8/31,2006/9/15
2069,A,2006/9/7,2006/9/28
2070,A,2006/9/15,2006/10/12
2071,A,2006/9/18,2006/10/12
2072,A,2006/9/19,2006/10/18
2073,A,2006/9/25,2006/10/18
2074,A,2006/9/25,2006/10/18
2075,A,2006/10/10,2006/10/25
2076,A,2006/10/9,2006/10/25
2077,A,2006/10/27,2006/11/16
2078,A,2006/10/31,2006/11/16
2079,A,2006/10/27,2006/11/16
2080,A,2006/11/2,2006/11/20
2081,A,2006/11/1,2006/11/20
2082,A,2006/11/2,2006/11/20
2083,A,2006/11/9,2006/11/24
2084,A,2006/11/9,2006/11/24
2085,A,2006/11/13,2006/11/28
2086,A,2006/11/9,2006/11/28
2087,A,2006/11/16,2006/11/30
2088,A,2006/11/16,2006/11/30
2089,A,2006/11/16,2006/11/30
2090,A,2006/11/23,2006/12/8
2091,A,2006/11/23,2006/12/8
2092,A,2006/11/23,2006/12/8
2093,A,2006/12/1,2006/12/15
2094,A,2006/12/1,2006/12/15
2095,A,2006/12/1,2006/12/15
2096,A,2006/12/11,2006/12/22
2097,A,2006/12/7,2006/12/22
2098,A,2006/12/7,2006/12/22
2099,A,2006/12/8,2006/12/26
2100,A,2006/12/8,2006/12/26
2101,A,2006/12/15,2006/12/29
2102,A,2006/12/15,2006/12/29
2103,A,2006/12/22,2007/1/10
2104,A,2006/12/22,2007/1/10
2105,A,2006/12/25,2007/1/12
2106,A,2006/12/25,2007/1/12
2107,A,2007/1/9,2007/1/24
2108,A,2007/1/9,2007/1/24
2109,A,2007/1/10,2007/1/26
2110,A,2007/1/10,2007/1/26
2111,A,2007/1/15,2007/1/26
2112,A,2007/1/25,2007/2/8
2113,A,2007/1/25,2007/2/8
2114,A,2007/1/31,2007/2/15
2115,A,2007/1/31,2007/2/15
2116,A,2007/2/2,2007/2/15
2117,A,2007/2/7,2007/3/2
2118,A,2007/2/7,2007/3/2
2119,A,2007/2/7,2007/3/2
2120,A,2007/2/12,2007/3/6
2121,A,2007/2/12,2007/3/6
2122,A,2007/3/15,2007/3/28
2123,A,2007/3/15,2007/3/28
2124,A,2007/3/16,2007/4/3
2125,A,2007/3/16,2007/4/3
2126,A,2007/4/4,2007/4/18
2127,A,2007/4/5,2007/4/18
2128,A,2007/4/5,2007/4/18
2129,A,2007/4/5,2007/4/20
2130,A,2007/4/5,2007/4/20
2131,A,2007/4/12,2007/4/27
2132,A,2007/4/12,2007/4/27
2133,A,2007/4/17,2007/4/27
2134,A,2007/4/23,2007/5/16
2135,A,2007/5/8,2007/5/30
2136,A,2007/5/18,2007/5/30
2137,A,2007/5/30,2007/6/13
2138,A,2007/5/31,2007/6/13
2139,A,2007/6/19,2007/6/29
2140,A,2007/7/2,2007/7/12
2141,A,2007/7/11,2007/7/20
2142,A,2007/7/11,2007/7/19
2143,A,2007/7/11,2007/7/20
2144,A,2007/7/20,2007/8/3
2145,A,2007/7/20,2007/8/3
2146,A,2007/7/23,2007/8/8
2147,A,2007/7/23,2007/8/8
2148,A,2007/7/25,2007/8/10
2149,A,2007/7/25,2007/8/10
2150,A,2007/7/25,2007/8/10
2151,A,2007/7/27,2007/8/13
2152,A,2007/7/27,2007/8/13
2153,A,2007/7/27,2007/8/13
2154,A,2007/7/31,2007/8/16
2155,A,2007/7/31,2007/8/16
2156,A,2007/7/31,2007/8/16
2157,A,2007/8/2,2007/8/17
2158,A,2007/8/2,2007/8/17
2159,A,2007/8/3,2007/8/17
2160,A,2007/8/6,2007/8/21
2161,A,2007/8/6,2007/8/21
2162,A,2007/8/6,2007/8/23
2163,A,2007/8/8,2007/8/23
2164,A,2007/8/7,2007/8/23
2165,A,2007/8/24,2007/9/13
2166,A,2007/8/31,2007/9/13
2167,A,2007/8/31,2007/9/13
2168,A,2007/9/6,2007/9/19
2169,A,2007/9/6,2007/9/19
2170,A,2007/9/6,2007/9/19
2171,A,2007/9/7,2007/9/21
2172,A,2007/9/7,2007/9/21
2173,A,2007/9/14,2007/9/25
2174,A,2007/9/14,2007/9/25
2175,A,2007/9/21,2007/10/12
2176,A,2007/9/21,2007/10/12
2177,A,2007/10/19,2007/11/1
2178,A,2007/10/19,2007/11/1
2179,A,2007/10/17,2007/11/1
2180,A,2007/10/26,2007/11/13
2181,A,2007/11/2,2007/11/16
2182,A,2007/10/30,2007/11/13
2183,A,2007/10/30,2007/11/13
2184,A,2007/11/2,2007/11/16
2185,A,2007/11/5,2007/11/20
2186,A,2007/11/2,2007/11/20
2187,A,2007/11/7,2007/11/22
2188,A,2007/11/7,2007/11/22
2189,A,2007/11/14,2007/12/3
2190,A,2007/11/14,2007/12/3
2191,A,2007/11/20,2007/12/5
2192,A,2007/11/20,2007/12/5
2193,A,2007/11/23,2007/12/7
2194,A,2007/11/23,2007/12/7
2195,A,2007/11/29,2007/12/12
2196,A,2007/11/29,2007/12/12
2197,A,2007/12/3,2007/12/18
2198,A,2007/12/5,2007/12/18
2199,A,2007/12/7,2007/12/21
2200,A,2007/12/6,2007/12/21
2201,A,2007/12/10,2007/12/26
2202,A,2007/12/13,2007/12/26
2203,A,2008/1/2,2008/1/16
2204,A,2008/1/2,2008/1/16
2205,A,2008/1/8,2008/1/23
2206,A,2008/1/9,2008/1/23
2207,A,2008/1/16,2008/1/28
2208,A,2008/1/16,2008/1/28
2209,A,2008/1/18,2008/1/30
2210,A,2008/1/18,2008/1/30
2211,A,2008/1/22,2008/2/1
2212,A,2008/1/21,2008/2/1
2213,A,2008/1/21,2008/2/1
2214,A,2008/1/25,2008/2/18
2215,A,2008/1/25,2008/2/18
2216,A,2008/1/29,2008/2/20
2217,A,2008/1/30,2008/2/20
2218,A,2008/2/5,2008/2/28
2219,A,2008/2/20,2008/3/6
2220,A,2008/2/14,2008/2/28
2221,A,2008/2/21,2008/3/6
2222,A,2008/3/4,2008/3/19
2223,A,2008/4/7,2008/4/18
2224,A,2008/4/14,2008/4/25
2225,A,2008/4/14,2008/4/25
2226,A,2008/4/21,2008/5/6
2227,A,2008/4/21,2008/5/6
2228,A,2008/4/21,2008/5/8
2229,A,2008/4/21,2008/5/8
2230,A,2008/4/24,2008/5/12
2231,A,2008/4/24,2008/5/12
2232,A,2008/4/24,2008/5/9
2233,A,2008/5/5,2008/5/16
2234,A,2008/5/5,2008/5/16
2235,A,2008/5/5,2008/5/16
2236,A,2008/5/7,2008/5/20
2237,A,2008/5/7,2008/5/20
2238,A,2008/5/9,2008/5/26
2239,A,2008/5/9,2008/5/22
2240,A,2008/5/12,2008/5/23
2241,A,2008/5/13,2008/5/22
2242,A,2008/5/15,2008/5/28
2243,A,2008/5/15,2008/5/28
2244,A,2008/5/16,2008/5/29
2245,A,2008/5/23,2008/6/5
2246,A,2008/5/26,2008/6/5
2247,A,2008/5/27,2008/6/12
2248,A,2008/6/2,2008/6/12
2249,A,2008/6/4,2008/6/19
2250,A,2008/6/4,2008/6/19
2251,A,2008/6/5,2008/6/19
2252,A,2008/6/10,2008/6/23
2253,A,2008/6/10,2008/6/23
2254,A,2008/6/13,2008/6/25
2255,A,2008/6/13,2008/6/25
2256,A,2008/6/13,2008/6/25
2258,A,2008/6/25,2008/7/8
2259,A,2008/7/4,2008/7/16
2260,A,2008/7/4,2008/7/16
2261,A,2008/7/11,2008/7/23
2262,A,2008/7/11,2008/7/23
2263,A,2008/7/17,2008/7/28
2264,A,2008/7/18,2008/7/31
2265,A,2008/7/24,2008/8/6
2266,A,2008/7/24,2008/8/6
2267,A,2008/7/30,2008/8/13
2268,A,2008/7/29,2008/8/11
2269,A,2008/8/13,2008/8/28
2270,A,2008/8/25,2008/9/5
2271,A,2008/8/29,2008/9/10
2272,A,2008/9/5,2008/9/19
2273,A,2008/9/4,2008/9/19
2274,A,2008/9/12,2008/9/25
2275,A,2009/6/29,2009/7/10
2276,A,2009/7/2,2009/7/10
2277,A,2009/7/8,2009/7/17
2278,A,2009/7/28,2009/8/11
2279,A,2009/7/31,2009/8/11
2280,A,2009/8/10,2009/8/21
2281,A,2009/8/10,2009/8/21
2282,A,2009/8/12,2009/8/21
2283,A,2009/8/12,2009/8/21
2284,A,2009/8/17,2009/8/28
2285,A,2009/8/17,2009/8/28
2286,A,2009/8/19,2009/8/28
2287,A,2009/8/19,2009/8/28
2288,A,2009/8/24,2009/9/3
2289,A,2009/8/24,2009/9/3
2290,A,2009/8/26,2009/9/3
2291,A,2009/8/26,2009/9/3
2292,A,2009/8/31,2009/9/10
2293,A,2009/9/2,2009/9/10
2294,A,2009/9/2,2009/9/10
2295,A,2009/9/15,2009/9/29
2296,A,2009/9/15,2009/9/29
2297,A,2009/9/18,2009/9/29
2298,A,2009/9/18,2009/9/29
2299,A,2009/10/9,2009/10/21
2300,A,2009/10/9,2009/10/21
2301,A,2009/10/12,2009/10/21
2302,A,2009/10/20,2009/11/3
2303,A,2009/10/20,2009/11/3
2304,A,2009/10/27,2009/11/6
2305,A,2009/10/27,2009/11/6
2306,A,2009/11/3,2009/11/11
2307,A,2009/11/3,2009/11/11
2308,A,2009/11/16,2009/11/27
2309,A,2009/11/16,2009/11/27
2310,A,2009/11/18,2009/11/27
2311,A,2009/11/18,2009/11/27
2312,A,2009/11/24,2009/12/3
2313,A,2009/11/24,2009/12/3
2314,A,2009/11/24,2009/12/3
2315,A,2009/11/27,2009/12/9
2316,A,2009/11/27,2009/12/9
2317,A,2009/12/1,2009/12/11
2318,A,2009/12/1,2009/12/11
2319,A,2009/12/1,2009/12/11
2320,A,2009/12/7,2009/12/16
2321,A,2009/12/7,2009/12/16
2322,A,2009/12/9,2009/12/18
2323,A,2009/12/9,2009/12/18
2324,A,2009/12/9,2009/12/18
2325,A,2009/12/11,2009/12/22
2326,A,2009/12/11,2009/12/22
2327,A,2009/12/18,2009/12/30
2328,A,2009/12/18,2009/12/30
2329,A,2009/12/23,2010/1/6
2330,A,2009/12/23,2010/1/6
2331,A,2009/12/23,2010/1/6
2332,A,2009/12/28,2010/1/12
2333,A,2009/12/28,2010/1/12
2334,A,2010/1/4,2010/1/13
2335,A,2010/1/4,2010/1/13
2336,A,2010/1/4,2010/1/13
2337,A,2010/1/5,2010/1/15
2338,A,2010/1/5,2010/1/15
2339,A,2010/1/11,2010/1/22
2340,A,2010/1/11,2010/1/22
2341,A,2010/1/11,2010/1/22
2342,A,2010/1/13,2010/1/26
2343,A,2010/1/13,2010/1/26
2344,A,2010/1/13,2010/1/26
2345,A,2010/1/18,2010/1/28
2346,A,2010/1/18,2010/1/28
2347,A,2010/1/18,2010/1/28
2348,A,2010/1/20,2010/2/3
2349,A,2010/1/20,2010/2/3
2350,A,2010/1/20,2010/2/3
2351,A,2010/1/25,2010/2/5
2352,A,2010/1/25,2010/2/5
2353,A,2010/1/25,2010/2/5
2354,A,2010/1/27,2010/2/9
2355,A,2010/1/27,2010/2/9
2356,A,2010/1/27,2010/2/9
2357,A,2010/2/1,2010/2/10
2358,A,2010/2/1,2010/2/10
2359,A,2010/2/1,2010/2/10
2360,A,2010/2/9,2010/3/3
2361,A,2010/2/9,2010/3/3
2362,A,2010/2/9,2010/3/3
2363,A,2010/2/22,2010/3/5
2364,A,2010/2/22,2010/3/5
2365,A,2010/2/22,2010/3/5
2366,A,2010/3/2,2010/3/12
2367,A,2010/3/2,2010/3/12
2368,A,2010/3/2,2010/3/12
2369,A,2010/3/3,2010/3/16
2370,A,2010/3/3,2010/3/16
2371,A,2010/3/3,2010/3/16
2372,A,2010/3/8,2010/3/18
2373,A,2010/3/8,2010/3/18
2374,A,2010/3/8,2010/3/18
2375,A,2010/3/12,2010/3/23
2376,A,2010/3/12,2010/3/23
2377,A,2010/3/12,2010/3/23
2378,A,2010/3/19,2010/3/31
2379,A,2010/3/19,2010/3/31
2380,A,2010/3/19,2010/3/31
2381,A,2010/3/24,2010/4/2
2382,A,2010/3/24,2010/4/2
2383,A,2010/3/24,2010/4/2
2384,A,2010/3/29,2010/4/9
2385,A,2010/3/29,2010/4/9
2386,A,2010/3/29,2010/4/9
2387,A,2010/3/31,2010/4/13
2388,A,2010/3/31,2010/4/13
2389,A,2010/3/31,2010/4/13
2390,A,2010/4/6,2010/4/16
2391,A,2010/4/6,2010/4/16
2392,A,2010/4/13,2010/4/23
2393,A,2010/4/13,2010/4/23
2394,A,2010/4/14,2010/4/23
2395,A,2010/4/19,2010/4/29
2396,A,2010/6/7,2010/6/23
2397,A,2010/4/19,2010/4/29
2398,A,2010/4/26,2010/5/6
2399,A,2010/4/26,2010/5/6
2400,A,2010/4/26,2010/5/6
2401,A,2010/4/26,2010/5/6
2402,A,2010/4/28,2010/5/11
2403,A,2010/4/28,2010/5/11
2404,A,2010/4/28,2010/5/11
2405,A,2010/5/4,2010/5/18
2406,A,2010/5/4,2010/5/18
2407,A,2010/5/4,2010/5/18
2408,A,2010/5/4,2010/5/18
2409,A,2010/5/11,2010/5/25
2410,A,2010/5/11,2010/5/25
2411,A,2010/5/11,2010/5/25
2412,A,2010/5/11,2010/5/25
2413,A,2010/5/17,2010/5/28
2414,A,2010/7/5,2010/7/16
2415,A,2010/5/17,2010/5/28
2416,A,2010/5/17,2010/5/28
2417,A,2010/5/19,2010/6/1
2418,A,2010/5/19,2010/6/1
2419,A,2010/5/19,2010/6/1
2420,A,2010/5/19,2010/6/1
2421,A,2010/5/24,2010/6/3
2422,A,2010/5/24,2010/6/3
2423,A,2010/5/24,2010/6/3
2424,A,2010/5/24,2010/6/3
2425,A,2010/5/26,2010/6/8
2426,A,2010/5/26,2010/6/8
2427,A,2010/5/26,2010/6/8
2428,A,2010/5/26,2010/6/8
2429,A,2010/5/31,2010/6/10
2430,A,2010/5/31,2010/6/10
2431,A,2010/5/31,2010/6/10
2432,A,2010/5/31,2010/6/10
2433,A,2010/6/2,2010/6/18
2434,A,2010/6/2,2010/6/18
2435,A,2010/6/2,2010/6/18
2436,A,2010/6/2,2010/6/18
2437,A,2010/6/7,2010/6/23
2438,A,2010/6/7,2010/6/23
2439,A,2010/6/7,2010/6/23
2440,A,2010/6/23,2010/7/6
2441,A,2010/6/23,2010/7/6
2442,A,2010/6/23,2010/7/6
2443,A,2010/6/23,2010/7/6
2444,A,2010/6/30,2010/7/13
2445,A,2010/6/30,2010/7/13
2446,A,2010/6/30,2010/7/13
2447,A,2010/6/30,2010/7/13
2448,A,2010/7/5,2010/7/16
2449,A,2010/7/5,2010/7/16
2450,A,2010/7/5,2010/7/16
2451,A,2010/7/7,2010/7/20
2452,A,2010/7/7,2010/7/20
2453,A,2010/7/7,2010/7/20
2454,A,2010/7/7,2010/7/20
2455,A,2010/7/21,2010/8/3
2456,A,2010/7/21,2010/8/3
2457,A,2010/7/21,2010/8/3
2458,A,2010/7/28,2010/8/10
2459,A,2010/7/28,2010/8/10
2460,A,2010/7/28,2010/8/10
2461,A,2010/8/4,2010/8/18
2462,A,2010/8/4,2010/8/18
2463,A,2010/8/4,2010/8/18
2464,A,2010/8/18,2010/8/31
2465,A,2010/8/18,2010/8/31
2466,A,2010/8/18,2010/8/31
2467,A,2010/8/25,2010/9/8
2468,A,2010/8/25,2010/9/8
2469,A,2010/8/25,2010/9/8
2470,A,2010/8/25,2010/9/8
2471,A,2010/8/30,2010/9/10
2472,A,2010/8/30,2010/9/10
2473,A,2010/8/30,2010/9/10
2474,A,2010/9/1,2010/9/15
2475,A,2010/9/1,2010/9/15
2476,A,2010/9/1,2010/9/15
2477,A,2010/9/1,2010/9/15
2478,A,2010/9/8,2010/9/21
2479,A,2010/9/8,2010/9/21
2480,A,2010/9/8,2010/9/21
2481,A,2010/9/8,2010/9/21
2482,A,2010/9/15,2010/9/29
2483,A,2010/9/15,2010/9/29
2484,A,2010/9/15,2010/9/29
2485,A,2010/9/27,2010/10/15
2486,A,2010/9/27,2010/10/15
2487,A,2010/9/27,2010/10/15
2488,A,2010/10/11,2010/10/21
2489,A,2010/10/11,2010/10/21
2490,A,2010/10/11,2010/10/21
2491,A,2010/10/11,2010/10/21
2492,A,2010/10/20,2010/11/2
2493,A,2010/10/20,2010/11/2
2494,A,2010/10/20,2010/11/2
2495,A,2010/10/20,2010/11/2
2496,A,2010/10/27,2010/11/9
2497,A,2010/10/27,2010/11/9
2498,A,2010/10/27,2010/11/9
2499,A,2010/10/27,2010/11/9
2500,A,2010/11/1,2010/11/15
2501,A,2010/11/3,2010/11/17
2502,A,2010/11/3,2010/11/17
2503,A,2010/11/3,2010/11/17
2504,A,2010/11/8,2010/11/18
2505,A,2010/11/8,2010/11/18
2506,A,2010/11/8,2010/11/18
2507,A,2010/11/10,2010/11/23
2508,A,2010/11/10,2010/11/23
2509,A,2010/11/10,2010/11/23
2510,A,2010/11/15,2010/11/25
2511,A,2010/11/15,2010/11/25
2512,A,2010/11/22,2010/12/3
2513,A,2010/11/22,2010/12/3
2514,A,2010/11/22,2010/12/3
2515,A,2010/11/22,2010/12/3
2516,A,2010/11/24,2010/12/7
2517,A,2010/11/24,2010/12/7
2518,A,2010/11/24,2010/12/7
2519,A,2010/11/24,2010/12/7
2520,A,2010/12/1,2010/12/10
2521,A,2010/12/1,2010/12/10
2522,A,2010/12/1,2010/12/10
2523,A,2010/12/1,2010/12/10
2524,A,2010/12/8,2010/12/17
2526,A,2010/12/8,2010/12/17
2527,A,2010/12/15,2010/12/24
2528,A,2010/12/15,2010/12/24
2529,A,2010/12/15,2010/12/24
2530,A,2010/12/22,2010/12/31
2531,A,2010/12/22,2010/12/31
2532,A,2010/12/22,2010/12/31
2533,A,2010/12/22,2010/12/31
2534,A,2010/12/29,2011/1/10
2535,A,2010/12/29,2011/1/11
2536,A,2010/12/29,2011/1/11
2537,A,2010/12/29,2011/1/10
2538,A,2011/1/6,2011/1/18
2539,A,2011/1/6,2011/1/18
2540,A,2011/1/6,2011/1/18
2541,A,2011/1/6,2011/1/18
2542,A,2011/1/19,2011/1/28
2543,A,2011/1/19,2011/1/28
2544,A,2011/1/19,2011/1/28
2545,A,2011/1/25,2011/2/11
2546,A,2011/1/25,2011/2/11
2547,A,2011/2/9,2011/2/18
2548,A,2011/2/9,2011/2/18
2549,A,2011/2/9,2011/2/18
2550,A,2011/2/9,2011/2/18
2551,A,2011/2/16,2011/2/25
2552,A,2011/2/16,2011/2/25
2553,A,2011/2/16,2011/2/25
2554,A,2011/2/16,2011/2/25
2555,A,2011/2/21,2011/3/2
2556,A,2011/2/21,2011/3/2
2557,A,2011/2/21,2011/3/2
2558,A,2011/2/21,2011/3/2
2559,A,2011/2/23,2011/3/3
2560,A,2011/2/23,2011/3/3
2561,A,2011/2/23,2011/3/3
2562,A,2011/3/2,2011/3/10
2563,A,2011/3/2,2011/3/11
2564,A,2011/3/2,2011/3/10
2565,A,2011/3/9,2011/3/18
2566,A,2011/3/9,2011/3/18
2567,A,2011/3/16,2011/3/25
2568,A,2011/3/16,2011/3/25
2569,A,2011/3/30,2011/4/12
2570,A,2011/3/30,2011/4/12
2571,A,2011/3/30,2011/4/12
2572,A,2011/3/30,2011/4/12
2573,A,2011/4/11,2011/4/22
2574,A,2011/4/14,2011/4/22
2575,A,2011/4/14,2011/4/22
2576,A,2011/4/20,2011/4/28
2577,A,2011/4/20,2011/4/28
2578,A,2011/4/20,2011/4/28
2579,A,2011/4/26,2011/5/6
2580,A,2011/4/26,2011/5/6
2581,A,2011/5/5,2011/5/20
2582,A,2011/5/12,2011/5/20
2583,A,2011/5/18,2011/5/27
2584,A,2011/5/25,2011/6/2
2585,A,2011/5/25,2011/6/2
2586,A,2011/5/25,2011/6/2
2587,A,2011/6/1,2011/6/10
2588,A,2011/6/1,2011/6/10
2589,A,2011/6/1,2011/6/10
2590,A,2011/6/1,2011/6/10
2591,A,2011/6/10,2011/6/21
2592,A,2011/10/31,2011/11/11
2593,A,2011/6/16,2011/6/28
2594,A,2011/6/21,2011/6/30
2595,A,2011/6/16,2011/6/28
2596,A,2011/6/22,2011/7/7
2597,A,2011/6/29,2011/7/7
2598,A,2011/6/29,2011/7/7
2599,A,2011/7/6,2011/7/15
2600,A,2011/7/6,2011/7/15
2601,A,2011/7/6,2011/7/15
2602,A,2011/7/13,2011/7/28
2603,A,2011/7/19,2011/7/28
2604,A,2011/7/20,2011/7/28
2605,A,2011/7/26,2011/8/5
2606,A,2011/7/28,2011/8/5
2607,A,2011/7/29,2011/8/10
2608,A,2011/8/2,2011/8/10
2609,A,2011/8/3,2011/8/15
2610,A,2011/8/3,2011/8/15
2611,A,2011/8/17,2011/8/30
2612,A,2011/8/19,2011/8/30
2613,A,2011/8/23,2011/8/30
2614,A,2011/8/31,2011/9/9
2615,A,2011/9/2,2011/9/9
2616,A,2011/9/9,2011/9/20
2617,A,2011/9/8,2011/9/20
2618,A,2011/9/7,2011/9/20
2619,A,2011/9/21,2011/9/29
2620,A,2011/9/20,2011/9/29
2621,A,2011/9/20,2011/9/29
2622,A,2011/10/10,2011/10/18
2623,A,2011/9/26,2011/10/13
2624,A,2011/10/17,2011/10/28
2625,A,2011/10/26,2011/11/3
2626,A,2011/10/19,2011/10/28
2627,A,2011/10/21,2011/11/3
2628,A,2011/10/25,2011/11/3
2629,A,2011/10/26,2011/11/3
2630,A,2011/11/4,2011/11/11
2631,A,2011/11/2,2011/11/11
2632,A,2011/11/8,2011/11/22
2633,A,2011/11/11,2011/11/22
2634,A,2011/11/25,2011/12/5
2635,A,2011/11/16,2011/11/25
2636,A,2011/11/16,2011/11/25
2637,A,2011/11/16,2011/11/25
2638,A,2011/11/16,2011/11/25
2639,A,2011/11/18,2011/12/5
2640,A,2011/11/30,2011/12/8
2641,A,2011/11/30,2011/12/8
2642,A,2011/12/8,2011/12/20
2643,A,2011/12/12,2011/12/20
2644,A,2011/12/13,2011/12/22
2645,A,2011/12/12,2011/12/20
2646,A,2011/12/13,2011/12/22
2647,A,2011/12/19,2011/12/28
2648,A,2011/12/16,2011/12/28
2649,A,2011/12/26,2012/1/6
2650,A,2011/12/26,2012/1/6
2651,A,2011/12/26,2012/1/6
2652,A,2012/1/11,2012/1/19
2653,A,2012/1/9,2012/1/17
2654,A,2012/2/6,2012/2/17
2655,A,2012/2/9,2012/2/17
2656,A,2012/2/17,2012/2/28
2657,A,2012/2/20,2012/2/28
2658,A,2012/2/29,2012/3/9
2659,A,2012/3/2,2012/3/9
2660,A,2012/3/7,2012/3/16
2661,A,2012/3/5,2012/3/16
2662,A,2012/2/29,2012/3/9
2663,A,2012/3/6,2012/3/16
2664,A,2012/3/5,2012/3/16
2665,A,2012/3/15,2012/3/27
2666,A,2012/3/14,2012/3/27
2667,A,2012/3/21,2012/3/29
2668,A,2012/3/28,2012/4/16
2669,A,2012/4/5,2012/4/16
2670,A,2012/4/6,2012/4/16
2671,A,2012/4/18,2012/4/26
2672,A,2012/4/17,2012/4/26
2673,A,2012/4/23,2012/5/3
2674,A,2012/4/25,2012/5/7
2675,A,2012/5/15,2012/5/25
2676,A,2012/5/15,2012/5/25
2677,A,2012/5/14,2012/5/25
2678,A,2012/5/21,2012/5/30
2679,A,2012/5/23,2012/6/5
2680,A,2012/5/25,2012/6/5
2681,A,2012/5/25,2012/6/5
2682,A,2012/6/1,2012/6/12
2683,A,2012/5/30,2012/6/12
2684,A,2012/6/1,2012/6/12
2685,A,2012/5/30,2012/6/12
2686,A,2012/6/21,2012/7/3
2687,A,2012/7/4,2012/7/13
2688,A,2012/7/5,2012/7/13
2689,A,2012/7/9,2012/7/17
2690,A,2012/7/20,2012/7/31
2691,A,2012/7/23,2012/7/31
2692,A,2012/7/30,2012/8/8
2693,A,2012/7/31,2012/8/8
2694,A,2012/8/8,2012/8/16
2695,A,2012/8/28,2012/9/5
2696,A,2012/8/27,2012/9/5
2697,A,2012/8/28,2012/9/5
2698,A,2012/9/3,2012/9/11
2699,A,2012/9/3,2012/9/11
2700,A,2012/9/11,2012/9/21
2701,A,2012/9/25,2012/10/11
2702,A,2012/9/25,2012/10/11
2703,A,2012/10/26,2012/11/2
2705,A,2014/1/8,2014/1/21
2706,A,2014/1/10,2014/1/21
2707,A,2014/1/15,2014/1/23
2708,A,2014/1/13,2014/1/21
2709,A,2014/1/13,2014/1/23
2711,A,2014/1/17,2014/1/27
2712,A,2014/1/13,2014/1/23
2713,A,2014/2/11,2014/2/19
2714,A,2014/1/17,2014/1/28
2715,A,2014/2/11,2014/2/19
2716,A,2014/1/17,2014/1/28
2717,A,2014/2/11,2014/2/19
2718,A,2014/1/20,2014/1/28
2719,A,2014/1/20,2014/1/28
2721,A,2014/1/16,2014/1/27
2722,A,2014/1/20,2014/1/28
2723,A,2014/1/20,2014/1/29
2724,A,2014/10/24,2014/11/4
2725,A,2014/1/20,2014/1/29
2726,A,2014/6/18,2014/6/26
2727,A,2014/6/23,2014/7/2
2728,A,2014/7/23,2014/7/31
2729,A,2014/8/28,2014/9/12
2730,A,2014/9/24,2014/10/9
2731,A,2014/10/24,2014/11/4
2732,A,2014/11/24,2014/12/5
2733,A,2014/11/24,2014/12/3
2734,A,2015/1/14,2015/1/27
2735,A,2014/11/24,2014/12/3
2736,A,2014/12/19,2014/12/29
2737,A,2014/12/18,2014/12/30
2738,A,2014/12/19,2014/12/30
2739,A,2015/1/14,2015/1/22
2740,A,2015/1/14,2015/1/22
2741,A,2015/2/9,2015/2/16
2742,A,2015/2/10,2015/2/17
2743,A,2015/2/10,2015/2/17
2745,A,2015/2/10,2015/2/17
2746,A,2015/2/9,2015/2/16
2747,A,2015/3/12,2015/3/20
2748,A,2015/3/11,2015/3/19
2749,A,2015/3/12,2015/3/20
2750,A,2015/3/12,2015/3/24
2751,A,2015/4/16,2015/4/24
2752,A,2015/4/14,2015/4/22
2753,A,2015/5/7,2015/5/19
2755,A,2015/5/6,2015/5/15
2756,A,2015/5/5,2015/5/15
2757,A,2015/5/19,2015/5/27
2758,A,2015/5/19,2015/5/27
2759,A,2015/5/19,2015/5/28
2760,A,2015/6/3,2015/6/11
2761,A,2015/6/2,2015/6/10
2762,A,2015/6/2,2015/6/10
2763,A,2015/6/2,2015/6/10
2765,A,2015/6/2,2015/6/12
2766,A,2015/6/3,2015/6/11
2767,A,2015/6/3,2015/6/12
2768,A,2015/6/18,2015/6/30
2769,A,2015/6/18,2015/6/29
2770,A,2015/6/19,2015/6/30
2771,A,2015/6/18,2015/6/29
2772,A,2015/6/17,2015/6/26
2773,A,2015/6/17,2015/6/26
2775,A,2015/6/18,2015/6/29
2776,A,2015/6/18,2015/6/26
2777,A,2015/12/23,2015/12/31
2778,A,2015/12/24,2016/1/6
2779,A,2015/12/1,2015/12/9
2780,A,2015/12/1,2015/12/9
2781,A,2015/12/14,2015/12/22
2782,A,2015/12/14,2015/12/22
2783,A,2015/11/30,2015/12/9
2785,A,2015/12/14,2015/12/23
2786,A,2015/12/14,2015/12/23
2787,A,2015/12/23,2015/12/31
2788,A,2016/1/29,2016/2/18
2789,A,2016/3/2,2016/3/11
2790,A,2016/2/25,2016/3/8
2791,A,2016/3/18,2016/3/29
2792,A,2016/3/17,2016/3/28
2793,A,2016/4/6,2016/4/15
2795,A,2016/4/19,2016/4/28
2796,A,2016/4/27,2016/5/10
2797,A,2016/4/29,2016/5/11
2798,A,2016/5/16,2016/5/25
2799,A,2016/5/27,2016/6/8
2800,A,2016/5/19,2016/5/30
2801,A,2016/6/13,2016/6/22
2802,A,2016/6/20,2016/6/29
2803,A,2016/6/30,2016/7/12
2805,A,2016/6/27,2016/7/7
2806,A,2016/7/14,2016/7/26
2807,A,2016/8/24,2016/9/2
2808,A,2016/8/3,2016/8/12
2809,A,2016/8/11,2016/8/23
2810,A,2016/8/16,2016/8/26
2811,A,2016/8/30,2016/9/8
2812,A,2016/8/31,2016/9/14
2813,A,2016/9/23,2016/10/12
2815,A,2016/9/22,2016/10/12
2816,A,2016/10/12,2016/10/25
2817,A,2016/10/13,2016/10/25
2818,A,2016/10/25,2016/11/9
2819,A,2016/10/28,2016/11/11
2820,A,2016/11/8,2016/11/18
2821,A,2016/11/9,2016/11/18
2822,A,2016/11/17,2016/11/29
2823,A,2016/11/15,2016/11/24
2825,A,2016/11/18,2016/11/29
2826,A,2016/11/22,2016/12/9
2827,A,2016/11/25,2016/12/9
2828,A,2016/11/28,2016/12/8
2829,A,2016/12/2,2016/12/13
2830,A,2016/12/1,2016/12/13
2831,A,2016/12/5,2016/12/16
2832,A,2016/12/14,2016/12/23
2833,A,2016/12/19,2016/12/28
2835,A,2016/12/15,2016/12/28
2836,A,2016/12/21,2016/12/29
2837,A,2016/12/19,2016/12/29
300001,A,2009/9/25,2009/10/30
300002,A,2009/9/25,2009/10/30
300003,A,2009/9/25,2009/10/30
300004,A,2009/9/25,2009/10/30
300005,A,2009/9/25,2009/10/30
300006,A,2009/9/25,2009/10/30
300007,A,2009/9/25,2009/10/30
300008,A,2009/9/25,2009/10/30
300009,A,2009/9/25,2009/10/30
300010,A,2009/9/25,2009/10/30
300011,A,2009/10/13,2009/10/30
300012,A,2009/10/13,2009/10/30
300013,A,2009/10/13,2009/10/30
300014,A,2009/10/13,2009/10/30
300015,A,2009/10/13,2009/10/30
300016,A,2009/10/13,2009/10/30
300017,A,2009/10/13,2009/10/30
300018,A,2009/10/13,2009/10/30
300019,A,2009/10/13,2009/10/30
300020,A,2009/10/15,2009/10/30
300021,A,2009/10/15,2009/10/30
300022,A,2009/10/15,2009/10/30
300023,A,2009/10/15,2009/10/30
300024,A,2009/10/15,2009/10/30
300025,A,2009/10/15,2009/10/30
300026,A,2009/10/15,2009/10/30
300027,A,2009/10/15,2009/10/30
300028,A,2009/10/15,2009/10/30
300029,A,2009/12/16,2009/12/25
300030,A,2009/12/16,2009/12/25
300031,A,2009/12/16,2009/12/25
300032,A,2009/12/16,2009/12/25
300033,A,2009/12/16,2009/12/25
300034,A,2009/12/16,2009/12/25
300035,A,2009/12/16,2009/12/25
300036,A,2009/12/16,2009/12/25
300037,A,2009/12/24,2010/1/8
300038,A,2009/12/24,2010/1/8
300039,A,2009/12/24,2010/1/8
300040,A,2009/12/24,2010/1/8
300041,A,2009/12/24,2010/1/8
300042,A,2009/12/24,2010/1/8
300043,A,2010/1/7,2010/1/20
300044,A,2010/1/7,2010/1/20
300045,A,2010/1/7,2010/1/20
300046,A,2010/1/7,2010/1/20
300047,A,2010/1/7,2010/1/20
300048,A,2010/1/7,2010/1/20
300049,A,2010/1/7,2010/1/20
300050,A,2010/1/7,2010/1/20
300051,A,2010/2/2,2010/2/11
300052,A,2010/2/2,2010/2/11
300053,A,2010/2/2,2010/2/11
300054,A,2010/2/2,2010/2/11
300055,A,2010/2/5,2010/2/26
300056,A,2010/2/5,2010/2/26
300057,A,2010/2/5,2010/2/26
300058,A,2010/2/5,2010/2/26
300059,A,2010/3/9,2010/3/19
300061,A,2010/3/9,2010/3/19
300062,A,2010/3/9,2010/3/19
300063,A,2010/3/17,2010/3/26
300064,A,2010/3/17,2010/3/26
300065,A,2010/3/17,2010/3/26
300066,A,2010/3/17,2010/3/26
300067,A,2010/4/8,2010/4/21
300068,A,2010/4/8,2010/4/21
300069,A,2010/4/8,2010/4/21
300070,A,2010/4/8,2010/4/21
300071,A,2010/4/8,2010/4/21
300072,A,2010/4/14,2010/4/27
300073,A,2010/4/14,2010/4/27
300074,A,2010/4/14,2010/4/27
300075,A,2010/4/14,2010/4/27
300076,A,2010/4/21,2010/4/30
300077,A,2010/4/21,2010/4/30
300078,A,2010/4/21,2010/4/30
300079,A,2010/4/21,2010/4/30
300080,A,2010/5/6,2010/6/25
300081,A,2010/5/6,2010/5/20
300082,A,2010/5/6,2010/5/20
300083,A,2010/5/6,2010/5/20
300084,A,2010/5/6,2010/5/20
300085,A,2010/5/13,2010/5/26
300086,A,2010/5/13,2010/5/26
300087,A,2010/5/13,2010/5/26
300088,A,2010/5/13,2010/5/26
300089,A,2010/6/11,2010/6/25
300090,A,2010/6/11,2010/6/25
300091,A,2010/6/11,2010/6/25
300092,A,2010/6/28,2010/7/8
300093,A,2010/6/28,2010/7/8
300094,A,2010/6/28,2010/7/8
300095,A,2010/7/16,2010/7/28
300096,A,2010/7/16,2010/7/28
300097,A,2010/7/16,2010/7/28
300098,A,2010/7/16,2010/7/28
300099,A,2010/7/26,2010/8/6
300100,A,2010/7/26,2010/8/6
300101,A,2010/7/26,2010/8/6
300102,A,2010/8/2,2010/8/12
300103,A,2010/8/2,2010/8/12
300104,A,2010/8/2,2010/8/12
300105,A,2010/8/9,2010/8/20
300106,A,2010/8/9,2010/8/20
300107,A,2010/8/9,2010/8/20
300108,A,2010/8/11,2010/8/25
300109,A,2010/8/11,2010/8/25
300110,A,2010/8/11,2010/8/25
300111,A,2010/8/16,2010/8/27
300112,A,2010/8/16,2010/8/27
300113,A,2010/8/16,2010/8/27
300114,A,2010/8/16,2010/8/27
300115,A,2010/8/23,2010/9/2
300116,A,2010/8/23,2010/9/2
300117,A,2010/8/23,2010/9/2
300118,A,2010/8/23,2010/9/2
300119,A,2010/9/6,2010/9/17
300120,A,2010/9/6,2010/9/17
300121,A,2010/9/6,2010/9/17
300122,A,2010/9/13,2010/9/28
300123,A,2010/9/13,2010/9/28
300124,A,2010/9/13,2010/9/28
300125,A,2010/9/20,2010/10/13
300126,A,2010/9/20,2010/10/13
300127,A,2010/9/20,2010/10/13
300128,A,2010/9/20,2010/10/13
300129,A,2010/10/8,2010/10/19
300130,A,2010/10/8,2010/10/19
300131,A,2010/10/8,2010/10/19
300132,A,2010/10/12,2010/10/26
300133,A,2010/10/12,2010/10/26
300134,A,2010/10/12,2010/10/26
300135,A,2010/10/12,2010/10/26
300136,A,2010/10/25,2010/11/5
300137,A,2010/10/25,2010/11/5
300138,A,2010/10/25,2010/11/5
300139,A,2010/11/1,2010/11/12
300140,A,2010/11/1,2010/11/12
300141,A,2010/11/1,2010/11/12
300142,A,2010/11/1,2010/11/12
300143,A,2010/11/29,2010/12/9
300144,A,2010/11/29,2010/12/9
300145,A,2010/11/29,2010/12/9
300146,A,2010/12/6,2010/12/15
300147,A,2010/12/6,2010/12/15
300148,A,2010/12/6,2010/12/15
300149,A,2010/12/13,2010/12/22
300150,A,2010/12/13,2010/12/22
300151,A,2010/12/13,2010/12/22
300152,A,2010/12/20,2010/12/29
300153,A,2010/12/20,2010/12/29
300154,A,2010/12/20,2010/12/29
300155,A,2010/12/27,2011/1/7
300156,A,2010/12/27,2011/1/7
300157,A,2010/12/27,2011/1/7
300158,A,2010/12/27,2011/1/7
300159,A,2010/12/27,2011/1/7
300160,A,2011/1/4,2011/1/13
300161,A,2011/1/4,2011/1/13
300162,A,2011/1/4,2011/1/13
300163,A,2011/1/4,2011/1/13
300164,A,2011/1/4,2011/1/13
300165,A,2011/1/14,2011/1/25
300166,A,2011/1/14,2011/1/25
300167,A,2011/1/14,2011/1/25
300168,A,2011/1/14,2011/1/25
300169,A,2011/1/14,2011/1/25
300170,A,2011/1/24,2011/2/1
300171,A,2011/1/24,2011/2/1
300172,A,2011/1/24,2011/2/1
300173,A,2011/1/24,2011/2/1
300174,A,2011/1/24,2011/2/1
300175,A,2011/1/27,2011/2/15
300176,A,2011/1/27,2011/2/15
300177,A,2011/1/27,2011/2/15
300178,A,2011/1/27,2011/2/15
300179,A,2011/1/27,2011/2/15
300180,A,2011/2/10,2011/2/22
300181,A,2011/2/10,2011/2/22
300182,A,2011/2/10,2011/2/22
300183,A,2011/2/10,2011/2/22
300184,A,2011/2/10,2011/2/22
300185,A,2011/2/25,2011/3/8
300186,A,2011/2/25,2011/3/8
300187,A,2011/2/25,2011/3/8
300188,A,2011/3/7,2011/3/16
300189,A,2011/3/7,2011/3/16
300190,A,2011/3/7,2011/3/16
300191,A,2011/3/7,2011/3/16
300192,A,2011/3/14,2011/3/22
300193,A,2011/3/14,2011/3/22
300194,A,2011/3/14,2011/3/22
300195,A,2011/3/21,2011/3/29
300196,A,2011/3/21,2011/3/29
300197,A,2011/3/21,2011/3/29
300198,A,2011/3/28,2011/4/7
300199,A,2011/3/28,2011/4/7
300200,A,2011/3/28,2011/4/7
300201,A,2011/3/28,2011/4/7
300202,A,2011/4/6,2011/4/15
300203,A,2011/4/6,2011/4/15
300204,A,2011/4/6,2011/4/15
300205,A,2011/4/13,2011/4/21
300206,A,2011/4/13,2011/4/21
300207,A,2011/4/13,2011/4/21
300208,A,2011/4/18,2011/4/26
300209,A,2011/4/18,2011/4/26
300210,A,2011/4/18,2011/4/26
300211,A,2011/4/25,2011/5/5
300212,A,2011/4/25,2011/5/5
300213,A,2011/4/25,2011/5/5
300214,A,2011/5/3,2011/5/11
300215,A,2011/5/3,2011/5/11
300216,A,2011/5/3,2011/5/11
300217,A,2011/5/10,2011/5/18
300218,A,2011/5/10,2011/5/18
300219,A,2011/5/10,2011/5/18
300220,A,2011/5/16,2011/5/25
300221,A,2011/5/16,2011/5/25
300222,A,2011/5/16,2011/5/25
300223,A,2011/5/23,2011/5/31
300224,A,2011/5/23,2011/5/31
300225,A,2011/5/23,2011/5/31
300226,A,2011/5/30,2011/6/8
300227,A,2011/5/30,2011/6/8
300228,A,2011/5/30,2011/6/8
300229,A,2011/6/7,2011/6/15
300230,A,2011/6/7,2011/6/15
300231,A,2011/6/7,2011/6/15
300232,A,2011/6/14,2011/6/22
300233,A,2011/6/14,2011/6/22
300234,A,2011/6/14,2011/6/22
300235,A,2011/6/20,2011/6/29
300236,A,2011/6/20,2011/6/29
300237,A,2011/6/20,2011/6/29
300238,A,2011/6/27,2011/7/6
300239,A,2011/6/27,2011/7/6
300240,A,2011/6/27,2011/7/6
300241,A,2011/7/4,2011/7/12
300242,A,2011/7/4,2011/7/12
300243,A,2011/7/4,2011/7/12
300244,A,2011/7/11,2011/7/19
300245,A,2011/7/11,2011/7/19
300246,A,2011/7/11,2011/7/19
300247,A,2011/7/18,2011/7/29
300248,A,2011/7/20,2011/7/29
300249,A,2011/7/25,2011/8/3
300250,A,2011/7/25,2011/8/3
300251,A,2011/7/26,2011/8/3
300252,A,2011/8/1,2011/8/18
300253,A,2011/8/5,2011/8/18
300254,A,2011/8/8,2011/8/19
300255,A,2011/8/8,2011/8/19
300256,A,2011/8/8,2011/8/19
300257,A,2011/8/9,2011/8/19
300258,A,2011/8/17,2011/8/26
300259,A,2011/8/18,2011/8/31
300260,A,2011/8/23,2011/9/6
300261,A,2011/8/29,2011/9/6
300262,A,2011/9/5,2011/9/16
300263,A,2011/9/7,2011/9/16
300264,A,2011/9/6,2011/9/16
300265,A,2011/9/5,2011/9/16
300266,A,2011/9/19,2011/9/27
300267,A,2011/9/15,2011/9/27
300268,A,2011/9/15,2011/9/27
300269,A,2011/9/27,2011/10/12
300270,A,2011/9/27,2011/10/12
300271,A,2011/10/10,2011/10/26
300272,A,2011/10/21,2011/11/2
300273,A,2011/10/18,2011/10/26
300274,A,2011/10/24,2011/11/2
300275,A,2011/10/25,2011/11/2
300276,A,2011/11/3,2011/11/15
300277,A,2011/11/14,2011/11/23
300278,A,2011/12/7,2011/12/16
300279,A,2011/12/20,2011/12/29
300280,A,2011/12/19,2011/12/29
300281,A,2011/12/19,2011/12/29
300282,A,2011/12/19,2011/12/29
300283,A,2011/12/28,2012/1/10
300284,A,2011/12/27,2012/1/10
300285,A,2012/1/4,2012/1/13
300286,A,2012/1/4,2012/1/13
300287,A,2012/1/16,2012/2/1
300288,A,2012/2/8,2012/2/16
300289,A,2012/2/8,2012/2/16
300290,A,2012/2/8,2012/2/16
300291,A,2012/2/1,2012/2/9
300292,A,2012/2/21,2012/2/29
300293,A,2012/2/28,2012/3/8
300294,A,2012/2/29,2012/3/8
300295,A,2012/3/1,2012/3/15
300296,A,2012/3/5,2012/3/15
300297,A,2012/3/5,2012/3/15
300298,A,2012/3/6,2012/3/19
300299,A,2012/3/8,2012/3/19
300300,A,2012/3/7,2012/3/19
300301,A,2012/3/12,2012/3/21
300302,A,2012/3/13,2012/3/21
300303,A,2012/3/9,2012/3/19
300304,A,2012/3/13,2012/3/21
300305,A,2012/3/19,2012/3/29
300306,A,2012/3/21,2012/3/29
300307,A,2012/3/20,2012/3/29
300308,A,2012/3/26,2012/4/10
300309,A,2012/3/27,2012/4/10
300310,A,2012/4/16,2012/4/25
300311,A,2012/4/16,2012/4/25
300312,A,2012/4/25,2012/5/8
300313,A,2012/4/17,2012/4/25
300314,A,2012/4/24,2012/5/8
300315,A,2012/5/2,2012/5/11
300316,A,2012/5/2,2012/5/11
300317,A,2012/5/3,2012/5/11
300318,A,2012/5/15,2012/5/23
300319,A,2012/5/15,2012/5/23
300320,A,2012/5/24,2012/6/1
300321,A,2012/5/14,2012/5/23
300322,A,2012/5/28,2012/6/8
300323,A,2012/5/22,2012/6/1
300324,A,2012/5/30,2012/6/8
300325,A,2012/5/22,2012/6/1
300326,A,2012/6/5,2012/6/13
300327,A,2012/6/4,2012/6/13
300328,A,2012/6/8,2012/6/19
300329,A,2012/6/8,2012/6/19
300330,A,2012/6/7,2012/6/19
300331,A,2012/6/15,2012/6/28
300332,A,2012/6/18,2012/6/28
300333,A,2012/6/19,2012/6/28
300334,A,2012/6/21,2012/7/5
300335,A,2012/6/29,2012/7/10
300336,A,2012/6/28,2012/7/10
300337,A,2012/7/10,2012/7/18
300338,A,2012/7/18,2012/7/26
300339,A,2012/7/10,2012/7/18
300340,A,2012/7/16,2012/7/26
300341,A,2012/7/17,2012/7/26
300342,A,2012/7/17,2012/7/26
300343,A,2012/7/20,2012/8/1
300344,A,2012/7/20,2012/8/1
300345,A,2012/7/24,2012/8/1
300346,A,2012/7/30,2012/8/7
300347,A,2012/8/7,2012/8/17
300348,A,2012/8/8,2012/8/17
300349,A,2012/8/9,2012/8/17
300350,A,2012/8/13,2012/8/21
300351,A,2012/9/12,2012/9/20
300352,A,2012/9/4,2012/9/12
300353,A,2012/9/11,2012/9/27
300354,A,2012/9/10,2012/9/20
300355,A,2012/9/17,2012/9/27
300356,A,2012/9/24,2012/10/9
300357,A,2014/1/8,2014/1/21
300358,A,2014/1/9,2014/1/21
300359,A,2014/1/13,2014/1/21
300360,A,2014/1/10,2014/1/21
300362,A,2014/1/10,2014/1/21
300363,A,2014/1/21,2014/1/29
300364,A,2015/1/14,2015/1/21
300365,A,2014/1/15,2014/1/23
300366,A,2014/1/16,2014/1/27
300367,A,2014/1/21,2014/1/29
300368,A,2014/1/15,2014/1/23
300369,A,2014/1/21,2014/1/29
300370,A,2014/1/13,2014/1/23
300371,A,2014/1/15,2014/1/23
300372,A,2014/1/16,2014/1/27
300373,A,2014/1/15,2014/1/23
300374,A,2015/3/11,2015/3/19
300375,A,2014/1/15,2014/1/27
300376,A,2014/1/17,2014/1/27
300377,A,2014/1/16,2014/1/27
300378,A,2014/1/17,2014/1/27
300379,A,2014/1/20,2014/1/28
300380,A,2014/1/17,2014/1/28
300381,A,2014/1/17,2014/1/28
300382,A,2014/1/20,2014/1/29
300383,A,2014/1/21,2014/1/29
300384,A,2014/7/24,2014/8/1
300385,A,2014/6/18,2014/6/26
300386,A,2014/6/18,2014/6/26
300387,A,2014/6/24,2014/7/2
300388,A,2014/7/24,2014/8/1
300389,A,2014/7/24,2014/8/1
300390,A,2014/7/23,2014/7/31
300391,A,2014/7/24,2014/8/1
300392,A,2014/8/29,2014/9/10
300393,A,2014/8/28,2014/9/12
300394,A,2015/2/10,2015/2/17
300395,A,2014/8/28,2014/9/10
300396,A,2014/8/29,2014/9/10
300397,A,2014/8/28,2014/9/10
300398,A,2014/9/24,2014/10/9
300399,A,2014/9/24,2014/10/9
300400,A,2014/9/25,2014/10/10
300401,A,2014/9/24,2014/10/9
300402,A,2014/9/25,2014/10/10
300403,A,2014/10/23,2014/10/30
300404,A,2015/4/16,2015/4/24
300405,A,2014/10/23,2014/10/30
300406,A,2014/10/23,2014/10/30
300407,A,2014/11/24,2014/12/3
300408,A,2014/11/25,2014/12/3
300409,A,2014/11/24,2014/12/3
300410,A,2014/12/19,2014/12/31
300411,A,2014/12/19,2014/12/31
300412,A,2014/12/19,2014/12/31
300413,A,2015/1/13,2015/1/21
300414,A,2015/5/5,2015/5/13
300415,A,2015/1/14,2015/1/23
300416,A,2015/1/15,2015/1/22
300417,A,2015/1/14,2015/1/23
300418,A,2015/1/13,2015/1/21
300419,A,2015/1/15,2015/1/22
300420,A,2015/2/10,2015/2/17
300421,A,2015/2/10,2015/2/17
300422,A,2015/2/10,2015/2/17
300423,A,2015/2/10,2015/2/17
300424,A,2015/4/14,2015/4/22
300425,A,2015/2/9,2015/2/16
300426,A,2015/2/10,2015/2/17
300427,A,2015/2/10,2015/2/17
300428,A,2015/3/11,2015/3/19
300429,A,2015/3/12,2015/3/24
300430,A,2015/3/11,2015/3/19
300431,A,2015/3/12,2015/3/24
300432,A,2015/3/11,2015/3/19
300433,A,2015/3/10,2015/3/18
300434,A,2015/4/16,2015/4/24
300435,A,2015/3/18,2015/3/26
300436,A,2015/4/14,2015/4/22
300437,A,2015/4/15,2015/4/23
300438,A,2015/4/16,2015/4/24
300439,A,2015/4/14,2015/4/22
300440,A,2015/4/15,2015/4/23
300441,A,2015/4/15,2015/4/23
300442,A,2015/4/16,2015/4/24
300443,A,2015/4/14,2015/4/22
300444,A,2015/4/15,2015/4/23
300445,A,2015/4/14,2015/4/24
300446,A,2015/4/15,2015/4/23
300447,A,2015/4/14,2015/4/22
300448,A,2015/4/15,2015/4/24
300449,A,2015/4/13,2015/4/22
300450,A,2015/5/6,2015/5/18
300451,A,2015/5/5,2015/5/14
300452,A,2015/5/5,2015/5/15
300453,A,2015/5/6,2015/5/15
300455,A,2015/5/6,2015/5/15
300456,A,2015/5/6,2015/5/14
300457,A,2015/5/5,2015/5/14
300458,A,2015/5/6,2015/5/15
300459,A,2015/5/5,2015/5/15
300460,A,2015/5/5,2015/5/15
300461,A,2015/5/11,2015/5/19
300462,A,2015/5/19,2015/5/27
300463,A,2015/5/19,2015/5/28
300464,A,2015/6/2,2015/6/10
300465,A,2015/5/20,2015/5/28
300466,A,2015/5/19,2015/5/28
300467,A,2015/5/19,2015/5/27
300468,A,2015/5/19,2015/5/27
300469,A,2015/6/3,2015/6/11
300470,A,2015/6/2,2015/6/12
300471,A,2015/6/3,2015/6/11
300472,A,2015/6/3,2015/6/11
300473,A,2015/6/3,2015/6/12
300474,A,2016/3/22,2016/3/31
300475,A,2015/6/2,2015/6/10
300476,A,2015/6/3,2015/6/11
300477,A,2015/6/2,2015/6/10
300478,A,2015/6/2,2015/6/10
300479,A,2015/6/3,2015/6/12
300480,A,2015/6/23,2015/7/2
300481,A,2015/6/19,2015/6/30
300482,A,2015/6/19,2015/6/30
300483,A,2015/6/18,2015/6/30
300484,A,2016/3/11,2016/3/22
300485,A,2015/6/17,2015/6/26
300486,A,2015/6/19,2015/6/30
300487,A,2015/6/19,2015/7/2
300488,A,2015/6/23,2015/7/1
300489,A,2015/6/19,2015/7/1
300490,A,2015/12/23,2015/12/31
300491,A,2015/12/23,2015/12/31
300492,A,2015/12/14,2015/12/23
300493,A,2015/12/1,2015/12/10
300494,A,2015/12/23,2015/12/31
300495,A,2015/12/14,2015/12/22
300496,A,2015/12/2,2015/12/10
300497,A,2015/12/11,2015/12/22
300498,A,2015/10/30,2015/11/2
300499,A,2016/1/22,2016/2/2
300500,A,2016/1/25,2016/2/4
300501,A,2016/1/26,2016/2/4
300502,A,2016/2/23,2016/3/3
300503,A,2016/2/29,2016/3/9
300505,A,2016/3/4,2016/3/15
300506,A,2016/3/15,2016/3/24
300507,A,2016/4/20,2016/4/29
300508,A,2016/4/8,2016/4/19
300509,A,2016/4/14,2016/4/25
300510,A,2016/4/26,2016/5/6
300511,A,2016/4/22,2016/5/4
300512,A,2016/5/17,2016/5/26
300513,A,2016/5/18,2016/5/30
300515,A,2016/5/30,2016/6/8
300516,A,2016/5/24,2016/6/2
300517,A,2016/7/7,2016/7/19
300518,A,2016/6/15,2016/6/24
300519,A,2016/6/8,2016/6/24
300520,A,2016/6/28,2016/7/8
300521,A,2016/6/24,2016/7/5
300522,A,2016/6/23,2016/7/5
300523,A,2016/7/13,2016/7/26
300525,A,2016/7/15,2016/7/26
300526,A,2016/7/21,2016/8/2
300527,A,2016/7/25,2016/8/5
300528,A,2016/7/26,2016/8/8
300529,A,2016/7/22,2016/8/2
300530,A,2016/7/29,2016/8/9
300531,A,2016/7/27,2016/8/9
300532,A,2016/8/5,2016/8/18
300533,A,2016/8/9,2016/8/18
300534,A,2016/9/1,2016/9/13
300535,A,2016/8/1,2016/8/12
300536,A,2016/9/6,2016/9/20
300537,A,2016/8/17,2016/8/30
300538,A,2016/8/12,2016/8/26
300539,A,2016/8/19,2016/8/30
300540,A,2016/8/10,2016/8/23
300541,A,2016/9/2,2016/9/13
300542,A,2016/9/5,2016/9/20
300543,A,2016/8/25,2016/9/8
300545,A,2016/9/14,2016/9/28
300546,A,2016/9/19,2016/9/28
300547,A,2016/9/21,2016/9/30
300548,A,2016/9/26,2016/10/12
300549,A,2016/9/20,2016/9/30
300550,A,2016/9/30,2016/10/18
300551,A,2016/9/28,2016/10/18
300552,A,2016/10/11,2016/10/21
300553,A,2016/10/10,2016/10/21
300555,A,2016/9/29,2016/10/18
300556,A,2016/10/26,2016/11/4
300557,A,2016/10/21,2016/11/1
300558,A,2016/10/27,2016/11/7
300559,A,2016/10/19,2016/11/1
300560,A,2016/10/20,2016/11/1
300561,A,2016/11/4,2016/11/17
300562,A,2016/11/7,2016/11/16
300563,A,2016/11/2,2016/11/14
300565,A,2016/11/10,2016/11/22
300566,A,2016/11/3,2016/11/15
300567,A,2016/11/11,2016/11/22
300568,A,2016/11/21,2016/12/1
300569,A,2016/11/16,2016/11/25
300570,A,2016/11/24,2016/12/6
300571,A,2016/11/30,2016/12/13
300572,A,2016/11/23,2016/12/6
300573,A,2016/11/29,2016/12/8
300575,A,2016/12/6,2016/12/20
300576,A,2016/12/7,2016/12/20
300577,A,2016/12/8,2016/12/21
300579,A,2016/12/12,2016/12/23
300581,A,2016/12/9,2016/12/20
300582,A,2016/12/16,2016/12/28
300585,A,2016/12/20,2016/12/29
600000,A,1999/9/23,1999/11/10
600001,A,1997/12/19,1998/1/22
600002,A,1998/3/3,1998/4/8
600003,A,1999/7/5,1999/8/10
600004,A,2003/4/14,2003/4/28
600005,A,1999/7/2,1999/8/3
600006,A,1999/6/28,1999/7/27
600007,A,1999/1/27,1999/3/12
600008,A,2000/3/30,2000/4/27
600009,A,1998/1/15,1998/2/18
600010,A,2001/2/14,2001/3/9
600011,A,2001/11/15,2001/12/6
600012,A,2002/12/23,2003/1/7
600015,A,2003/8/26,2003/9/12
600016,A,2000/11/27,2000/12/19
600017,A,2006/9/25,2006/10/17
600018,A,2000/6/20,2000/7/19
600018,A,2006/10/19,2006/10/26
600019,A,2000/11/6,2000/12/12
600020,A,2003/7/24,2003/8/8
600021,A,2003/10/14,2003/10/29
600022,A,2004/6/14,2004/6/29
600023,A,2013/12/8,2013/12/19
600026,A,2002/5/13,2002/5/23
600027,A,2005/1/20,2005/2/3
600028,A,2001/7/2,2001/8/8
600029,A,2003/7/10,2003/7/25
600030,A,2002/12/17,2003/1/6
600031,A,2003/6/18,2003/7/3
600033,A,2001/1/5,2001/2/9
600035,A,2004/2/24,2004/3/10
600036,A,2002/3/22,2002/4/9
600037,A,2001/1/4,2001/2/8
600038,A,2000/11/22,2000/12/18
600039,A,2003/3/10,2003/3/25
600048,A,2006/7/13,2006/7/31
600050,A,2002/9/17,2002/10/9
600051,A,1997/3/31,1997/4/10
600052,A,1997/4/1,1997/4/15
600053,A,1997/4/3,1997/4/18
600054,B,1997/4/17,1997/5/6
600055,A,1997/4/24,1997/5/19
600056,A,1997/4/28,1997/5/15
600057,A,1997/5/13,1997/6/4
600058,A,1997/5/5,1997/5/28
600059,A,1997/4/25,1997/5/16
600060,A,1997/3/24,1997/4/22
600061,A,1997/4/25,1997/5/19
600062,A,1997/5/6,1997/5/22
600063,A,1997/5/12,1997/5/28
600064,A,1997/4/23,1997/5/6
600065,A,1997/4/30,1997/5/23
600066,A,1997/4/23,1997/5/8
600067,A,1988/2/1,1997/5/8
600068,A,1997/5/8,1997/5/26
600069,A,1997/4/16,1997/4/30
600070,A,1997/5/14,1997/6/4
600071,A,1997/5/12,1997/5/28
600072,A,1997/5/16,1997/6/3
600073,A,1997/6/16,1997/7/4
600074,A,1997/6/5,1997/6/23
600075,A,1997/5/23,1997/6/17
600076,A,1997/5/6,1997/5/26
600077,A,1997/5/5,1997/5/20
600078,A,1997/5/28,1997/6/27
600079,A,1997/5/22,1997/6/6
600080,A,1997/5/14,1997/6/12
600081,A,1997/6/13,1997/7/3
600082,A,1997/6/6,1997/6/20
600083,A,1997/5/23,1997/6/6
600084,A,1997/6/18,1997/7/11
600085,A,1997/5/29,1997/6/25
600086,A,1997/5/22,1997/6/6
600087,A,1997/5/27,1997/6/12
600088,A,1997/5/22,1997/6/16
600089,A,1997/6/4,1997/6/18
600090,A,1997/5/12,1997/6/16
600091,A,1997/6/13,1997/7/4
600092,A,1997/6/11,1997/6/26
600093,A,1997/6/10,1997/6/26
600094,B,1997/6/24,1997/7/3
600095,A,1997/6/23,1997/7/8
600096,A,1997/6/18,1997/7/9
600097,A,1997/5/21,1997/6/19
600098,A,1997/6/27,1997/7/18
600099,A,1997/6/17,1997/7/4
600100,A,1997/6/12,1997/6/27
600101,A,1988/6/1,1997/6/27
600102,A,1997/8/8,1997/8/28
600103,A,1997/6/18,1997/7/3
600104,A,1997/11/7,1997/11/25
600105,A,1997/9/15,1997/9/29
600106,A,1997/6/3,1997/6/18
600107,A,1997/10/16,1997/11/6
600108,A,1997/7/24,1997/8/18
600109,A,1993/4/5,1997/8/7
600110,A,1997/9/19,1997/10/7
600111,A,1997/8/27,1997/9/24
600112,A,1997/10/31,1997/11/27
600113,A,1997/9/22,1997/10/21
600114,A,2004/4/19,2004/5/11
600115,A,1997/10/24,1997/11/5
600116,A,1997/7/23,1997/8/4
600117,A,1997/9/23,1997/10/15
600118,A,1997/7/22,1997/9/8
600119,A,1997/11/20,1998/1/15
600120,A,1997/11/12,1997/12/1
600121,A,1997/10/28,1998/1/7
600122,A,1998/3/27,1998/4/20
600123,A,1998/11/12,1998/12/17
600125,A,1998/4/16,1998/5/11
600126,A,1998/2/12,1998/3/11
600127,A,1998/4/8,1998/5/6
600128,A,1997/8/15,1997/9/1
600129,A,1997/10/22,1997/11/18
600130,A,2000/6/12,2000/7/6
600131,A,1998/3/11,1998/4/2
600132,A,1997/10/10,1997/10/30
600133,A,1998/1/8,1998/2/12
600135,A,1997/12/26,1998/1/22
600136,A,1998/2/18,1998/3/3
600137,A,1988/12/1,1998/4/16
600138,A,1997/11/14,1997/12/3
600139,A,1988/12/1,1998/2/25
600141,A,1999/5/13,1999/6/16
600143,A,2004/6/8,2004/6/23
600145,A,1999/8/4,1999/9/23
600146,A,1999/6/14,1999/7/7
600148,A,1998/4/16,1998/5/20
600149,A,1999/8/4,1999/10/14
600150,A,1998/4/20,1998/5/20
600151,A,1998/5/7,1998/6/5
600152,A,1998/5/25,1998/6/9
600153,A,1998/5/25,1998/6/16
600155,A,1998/6/29,1998/9/18
600156,A,1998/4/27,1998/5/27
600157,A,1988/11/10,1998/5/13
600158,A,1998/2/25,1998/3/27
600159,A,1998/4/21,1998/5/26
600160,A,1998/6/1,1998/6/26
600161,A,1998/5/18,1998/6/16
600162,A,1998/5/18,1998/6/9
600163,A,1998/5/4,1998/6/2
600165,A,1998/4/27,1998/5/29
600166,A,1998/5/11,1998/6/2
600167,A,1998/12/23,1999/1/28
600168,A,1998/4/2,1998/4/27
600169,A,1998/6/22,1998/9/4
600170,A,1998/6/1,1998/6/23
600171,A,1998/8/14,1998/9/24
600172,A,1998/10/19,1998/11/26
600173,A,1999/3/18,1999/4/15
600175,A,1999/3/23,1999/4/8
600176,A,1999/3/5,1999/4/22
600177,A,1998/10/12,1998/11/19
600178,A,1998/9/10,1998/10/14
600179,A,1998/9/22,1998/11/4
600180,A,1998/6/8,1998/7/3
600181,A,1998/8/27,1998/9/28
600182,A,1999/4/12,1999/5/7
600183,A,1998/9/16,1998/10/28
600184,A,2003/10/22,2003/11/6
600185,A,1999/5/26,1999/6/11
600186,A,1998/6/15,1998/8/25
600187,A,1998/10/5,1998/11/11
600188,A,1998/6/8,1998/7/1
600189,A,1998/9/3,1998/10/7
600190,B,1999/5/7,1999/6/9
600191,A,1998/11/2,1998/12/10
600192,A,1998/11/24,1998/12/24
600193,A,1999/4/5,1999/5/27
600195,A,1998/11/18,1999/1/7
600196,A,1998/6/25,1998/8/7
600197,A,1999/7/29,1999/9/16
600198,A,1998/8/7,1998/10/21
600199,A,1998/7/2,1998/8/12
600200,A,1999/3/11,1999/4/1
600201,A,1998/12/2,1999/1/15
600202,A,1999/4/26,1999/6/3
600203,A,1999/4/19,1999/5/14
600205,A,1999/6/7,1999/6/30
600206,A,1999/1/21,1999/3/19
600207,A,1999/6/21,1999/7/14
600208,A,1999/6/2,1999/6/23
600209,A,1999/2/3,1999/3/25
600210,A,1999/7/13,1999/8/24
600211,A,1999/7/1,1999/7/21
600212,A,1999/7/8,1999/8/17
600213,A,1999/7/22,1999/8/31
600215,A,1999/7/28,1999/9/9
600216,A,1999/8/11,1999/10/21
600217,A,1999/9/8,1999/12/16
600218,A,1998/10/26,1998/12/3
600219,A,1999/9/10,1999/12/23
600220,A,1999/8/27,1999/9/27
600221,B,1999/10/11,1999/11/25
600222,A,1999/8/13,1999/11/5
600223,A,1999/9/13,2000/1/13
600225,A,1999/10/18,2000/1/27
600226,A,1999/8/20,1999/11/16
600227,A,1999/12/13,2000/2/21
600228,A,1998/12/17,1999/1/19
600229,A,2000/2/17,2000/3/9
600230,A,2000/3/17,2000/4/6
600231,A,2000/4/7,2000/5/11
600232,A,2000/4/14,2000/6/2
600233,A,2000/4/24,2000/6/8
600234,A,2000/5/8,2000/6/15
600235,A,2000/5/10,2000/6/15
600236,A,2000/3/1,2000/3/23
600237,A,2000/5/12,2000/6/9
600238,A,1999/9/20,2000/1/20
600239,A,1999/9/1,1999/12/2
600240,A,2000/5/16,2000/6/28
600241,A,2000/11/6,2000/11/28
600242,A,2000/11/21,2000/12/7
600243,A,2000/11/3,2000/11/20
600246,A,2000/9/4,2000/9/22
600247,A,2000/10/31,2000/11/23
600248,A,2000/5/19,2000/6/22
600249,A,2004/1/2,2004/1/30
600250,A,2001/2/5,2001/3/6
600251,A,2003/5/26,2003/6/9
600252,A,2000/10/27,2000/11/30
600253,A,2000/12/6,2000/12/27
600255,A,2000/10/26,2000/11/22
600256,A,2000/4/21,2000/5/26
600257,A,2000/5/15,2000/6/12
600258,A,2000/4/21,2000/6/1
600259,A,2000/4/20,2000/5/25
600260,A,2000/6/12,2000/7/6
600261,A,2000/6/30,2000/7/20
600262,A,2000/6/9,2000/6/30
600263,A,2000/6/28,2000/7/25
600265,A,2000/7/21,2000/8/25
600266,A,1998/12/9,1999/2/3
600267,A,2000/7/7,2000/7/25
600268,A,1999/8/25,1999/11/18
600269,A,2000/4/11,2000/5/18
600270,A,2000/11/30,2000/12/28
600271,A,2003/6/26,2003/7/11
600272,B,2001/1/10,2001/2/28
600273,A,2003/6/12,2003/6/27
600275,A,2000/7/28,2000/8/10
600276,A,2000/9/7,2000/10/18
600277,A,2000/7/4,2000/7/25
600278,A,2000/6/16,2000/7/12
600279,A,2000/7/14,2000/7/31
600280,A,2000/9/1,2000/9/26
600281,A,2000/9/25,2000/11/9
600282,A,2000/9/1,2000/9/19
600283,A,2000/9/15,2000/10/18
600284,A,2004/3/1,2004/3/16
600285,A,2000/9/14,2000/10/18
600286,A,1999/9/3,1999/12/9
600287,A,2000/8/14,2000/9/1
600288,A,2000/11/3,2000/11/29
600289,A,2000/3/24,2000/7/20
600290,A,2000/10/16,2000/11/6
600291,A,2000/7/13,2000/7/31
600292,A,2000/10/13,2000/11/1
600293,A,2000/8/28,2000/9/19
600295,B,2001/3/22,2001/4/26
600296,A,2000/6/23,2000/7/19
600297,A,2000/10/12,2000/11/16
600298,A,2000/8/3,2000/8/18
600299,A,2000/3/31,2000/4/20
600300,A,2000/5/29,2000/6/30
600301,A,2000/6/16,2000/7/12
600302,A,2000/11/23,2000/12/13
600303,A,2000/12/11,2000/12/26
600305,A,2001/1/5,2001/2/6
600306,A,2000/12/11,2000/12/26
600307,A,2000/11/30,2000/12/20
600308,A,2000/9/8,2000/9/28
600309,A,2000/12/15,2001/1/5
600310,A,2001/1/12,2001/2/28
600311,A,2001/5/30,2001/6/26
600312,A,2001/1/15,2001/2/21
600313,A,2000/12/22,2001/1/19
600315,A,2001/2/20,2001/3/15
600316,A,2000/11/16,2000/12/15
600317,A,2002/1/16,2002/1/31
600318,A,2000/11/17,2000/12/8
600319,A,2001/2/14,2001/3/26
600320,B,2000/12/5,2000/12/21
600321,A,2001/3/16,2001/5/24
600322,A,2001/8/6,2001/9/10
600323,A,2000/12/4,2000/12/25
600325,A,2004/2/10,2004/2/25
600326,A,2000/12/25,2001/1/16
600327,A,2002/6/10,2002/6/25
600328,A,2000/11/30,2000/12/22
600329,A,2001/5/9,2001/6/6
600330,A,2000/12/26,2001/1/18
600331,A,2001/12/6,2001/12/20
600332,A,2001/1/8,2001/2/6
600333,A,2000/11/22,2000/12/11
600335,A,2001/2/5,2001/3/5
600336,A,2000/12/13,2000/12/29
600337,A,2000/11/10,2000/11/27
600338,A,2000/12/13,2000/12/27
600339,A,2000/12/6,2000/12/25
600340,A,2003/12/15,2003/12/30
600343,A,2003/3/24,2003/4/8
600345,A,2000/12/6,2000/12/22
600346,A,2001/8/1,2001/8/20
600348,A,2003/8/6,2003/8/21
600350,A,2002/2/28,2002/3/18
600351,A,2002/9/11,2002/9/26
600352,A,2003/7/17,2003/8/1
600353,A,2002/11/5,2002/11/20
600354,A,2003/12/29,2004/1/15
600355,A,2002/5/29,2002/6/13
600356,A,2000/12/20,2001/4/19
600357,A,2002/8/22,2002/9/6
600358,A,2000/9/4,2000/9/22
600359,A,1999/3/29,1999/4/29
600360,A,2001/2/20,2001/3/16
600361,A,2001/11/6,2001/11/29
600362,A,2001/12/21,2002/1/11
600363,A,2001/3/9,2001/3/29
600365,A,2000/12/15,2001/1/15
600366,A,2000/10/12,2000/10/30
600367,A,2001/2/6,2001/3/20
600368,A,2000/12/1,2000/12/21
600369,A,2000/12/21,2001/1/9
600370,A,2003/2/19,2003/3/6
600371,A,2002/8/29,2002/9/16
600372,A,2001/6/20,2001/7/6
600373,A,2002/2/4,2002/3/4
600375,A,2003/3/17,2003/4/1
600376,A,2001/1/15,2001/3/12
600377,A,2000/12/22,2001/1/16
600378,A,2000/12/25,2001/1/11
600379,A,2001/12/24,2002/1/16
600380,A,2001/5/9,2001/6/8
600381,A,2001/4/17,2001/5/8
600382,A,2001/1/4,2001/1/18
600383,A,2001/1/15,2001/4/12
600385,A,1992/4/16,2001/7/23
600386,A,2001/1/4,2001/2/16
600387,A,2004/2/2,2004/2/18
600388,A,2000/12/14,2000/12/29
600389,A,2000/12/26,2001/1/10
600390,A,2000/12/20,2001/1/15
600391,A,2001/11/29,2001/12/12
600392,A,2003/5/14,2003/5/29
600393,A,1993/1/8,2001/3/19
600395,A,2001/4/9,2001/5/31
600396,A,2001/3/8,2001/3/28
600397,A,2002/6/17,2002/7/2
600398,A,2000/12/14,2000/12/28
600399,A,2000/12/13,2000/12/29
600400,A,2000/12/21,2001/1/8
600401,A,2003/9/10,2003/9/24
600403,A,2003/9/17,2003/10/9
600405,A,2004/3/17,2004/4/1
600406,A,2003/9/24,2003/10/16
600408,A,2003/1/20,2003/2/12
600409,A,2003/6/4,2003/6/18
600410,A,2004/4/12,2004/4/27
600415,A,1993/12/1,2002/5/9
600416,A,2002/7/3,2002/7/18
600418,A,2001/7/26,2001/8/24
600419,A,2001/6/15,2001/6/28
600420,A,2004/6/1,2004/6/16
600421,A,2004/5/21,2004/6/7
600422,A,2000/11/16,2000/12/6
600423,A,2003/7/2,2003/7/17
600425,A,2003/7/9,2003/7/24
600426,A,2002/6/5,2002/6/20
600428,A,2002/4/3,2002/4/18
600429,A,2003/8/29,2003/9/15
600432,A,2003/8/21,2003/9/5
600433,A,2003/6/5,2003/6/19
600435,A,2003/6/19,2003/7/4
600436,A,2003/5/30,2003/6/16
600438,A,2004/2/16,2004/3/2
600439,A,2003/6/25,2003/7/10
600444,A,2004/2/4,2004/2/19
600446,A,2003/12/9,2003/12/24
600448,A,2001/7/26,2001/9/3
600449,A,2003/8/14,2003/8/29
600452,A,2004/2/17,2004/3/3
600455,A,2004/3/12,2004/3/29
600456,A,2002/3/28,2002/4/12
600458,A,2002/12/4,2002/12/19
600459,A,2003/4/21,2003/5/16
600460,A,2003/2/24,2003/3/11
600461,A,2004/5/17,2004/6/1
600462,A,2003/8/20,2003/9/3
600463,A,2004/3/3,2004/3/18
600466,A,2001/1/15,2001/2/12
600467,A,2004/3/19,2004/4/5
600468,A,2001/5/23,2001/6/15
600469,A,2003/9/29,2003/10/21
600470,A,2004/2/19,2004/3/5
600472,A,2005/4/12,2005/5/9
600475,A,2003/7/4,2003/7/21
600476,A,2003/11/25,2003/12/10
600477,A,2003/10/24,2003/11/10
600478,A,2003/9/3,2003/9/18
600479,A,2004/2/26,2004/3/12
600480,A,2003/7/31,2003/8/15
600481,A,2003/4/7,2003/4/22
600482,A,2004/6/29,2004/7/14
600483,A,2004/5/14,2004/5/31
600485,A,2003/7/23,2003/8/7
600486,A,2002/4/12,2002/4/25
600487,A,2003/8/7,2003/8/22
600488,A,2001/5/24,2001/6/18
600489,A,2003/7/30,2003/8/14
600490,A,2003/6/11,2003/6/26
600491,A,2004/4/30,2004/5/24
600493,A,2004/4/6,2004/4/21
600495,A,2004/5/11,2004/5/26
600496,A,2002/5/22,2002/6/5
600497,A,2004/4/5,2004/4/20
600498,A,2001/7/26,2001/8/23
600499,A,2002/9/18,2002/10/10
600500,A,1999/12/21,2000/3/1
600501,A,2001/5/24,2001/6/15
600502,A,2003/3/31,2003/4/15
600503,A,2002/6/24,2002/7/9
600505,A,2002/5/15,2002/5/30
600506,A,2001/12/13,2001/12/26
600507,A,2003/9/16,2003/9/30
600508,A,2001/8/7,2001/8/29
600509,A,2002/1/28,2002/2/28
600510,A,2002/6/3,2002/6/18
600511,A,2002/11/12,2002/11/27
600512,A,2002/12/11,2002/12/26
600513,A,2003/3/4,2003/3/19
600515,A,2002/7/17,2002/8/6
600516,A,2002/8/15,2002/8/30
600517,A,2003/9/18,2003/10/10
600518,A,2001/2/26,2001/3/19
600519,A,2001/7/31,2001/8/27
600520,A,2001/12/19,2002/1/8
600521,A,2003/2/17,2003/3/4
600522,A,2002/10/10,2002/10/24
600523,A,2001/12/12,2001/12/27
600525,A,2002/11/18,2002/12/2
600526,A,2002/7/8,2002/7/22
600527,A,2003/11/12,2003/11/27
600528,A,2001/5/8,2001/5/28
600529,A,2002/5/17,2002/6/3
600530,A,2001/6/18,2001/7/2
600531,A,2002/7/15,2002/7/30
600532,A,2002/10/16,2002/10/31
600533,A,2002/3/14,2002/3/28
600535,A,2002/8/8,2002/8/23
600536,A,2002/4/24,2002/5/17
600537,A,2003/1/8,2003/1/23
600538,A,2002/12/27,2003/1/14
600539,A,2001/8/1,2001/8/24
600540,A,2003/12/19,2004/1/7
600543,A,2004/3/9,2004/3/24
600545,A,2003/11/18,2003/12/3
600546,A,2003/7/16,2003/7/31
600547,A,2003/8/13,2003/8/28
600548,A,2001/11/29,2001/12/25
600549,A,2002/10/24,2002/11/7
600550,A,2001/1/12,2001/2/28
600551,A,2002/8/21,2002/9/5
600552,A,2002/10/23,2002/11/8
600553,A,2002/8/7,2002/8/22
600555,B,2001/3/9,2001/3/28
600556,A,2001/7/26,2001/8/7
600557,A,2002/9/5,2002/9/18
600558,A,2001/2/5,2001/2/27
600559,A,2002/10/14,2002/10/29
600560,A,2002/9/4,2002/9/19
600561,A,2002/7/1,2002/7/16
600562,A,2003/1/13,2003/1/28
600563,A,2002/11/25,2002/12/10
600565,A,2002/7/10,2002/7/23
600566,A,2001/8/1,2001/8/22
600567,A,2001/11/22,2001/12/18
600568,A,2001/4/23,2001/5/18
600569,A,2001/8/1,2001/8/20
600570,A,2003/12/1,2003/12/16
600571,A,2002/10/17,2002/11/1
600572,A,2004/3/29,2004/4/12
600573,A,2003/2/11,2003/2/26
600575,A,2003/3/13,2003/3/28
600576,A,2003/1/27,2003/2/20
600577,A,2002/8/28,2002/9/11
600578,A,2002/4/19,2002/5/10
600579,A,2002/7/25,2002/8/9
600580,A,2002/5/23,2002/6/6
600581,A,2002/8/1,2002/8/16
600582,A,2002/4/23,2002/5/15
600583,A,2002/1/21,2002/2/5
600584,A,2003/5/19,2003/6/3
600585,A,2002/1/24,2002/2/7
600586,A,2002/7/31,2002/8/15
600587,A,2002/9/12,2002/9/27
600588,A,2001/4/23,2001/5/18
600589,A,2001/5/28,2001/6/12
600590,A,2002/6/19,2002/7/3
600591,A,2002/9/19,2002/10/11
600592,A,2002/7/22,2002/8/5
600593,A,2002/6/26,2002/7/11
600594,A,2004/3/8,2004/3/23
600595,A,2002/6/12,2002/6/26
600596,A,2001/8/6,2001/9/6
600597,A,2002/8/14,2002/8/28
600598,A,2002/3/13,2002/3/29
600599,A,2001/7/31,2001/8/28
600600,A,1993/7/24,1993/8/27
600601,A,1985/11/1,1990/12/19
600602,A,1989/2/28,1990/12/19
600603,A,1991/8/21,1992/1/13
600604,A,1992/3/7,1992/3/27
600605,A,1992/3/7,1992/3/27
600606,A,1992/3/7,1992/3/27
600607,A,1992/3/17,1992/3/27
600608,A,1992/3/7,1992/3/27
600609,A,1988/7/15,1992/7/24
600610,B,1992/6/13,1992/8/5
600611,B,1992/6/13,1992/8/7
600612,B,1992/6/13,1992/8/14
600613,B,1992/6/20,1992/8/20
600614,B,1992/6/13,1992/8/28
600615,A,1992/6/13,1992/9/10
600616,A,1992/6/13,1992/9/29
600617,A,1992/6/13,1992/10/13
600618,B,1992/6/13,1992/11/13
600619,A,1992/6/20,1992/11/16
600620,A,1992/6/13,1992/11/17
600621,A,1992/6/12,1992/12/2
600622,A,1992/6/13,1992/12/3
600623,B,1992/6/13,1992/12/4
600624,A,1992/6/15,1993/1/5
600625,A,1992/6/13,1993/1/6
600626,A,1992/5/30,1993/1/7
600627,A,1992/5/28,1993/1/18
600628,A,1992/6/13,1993/1/19
600629,A,1992/6/13,1993/2/9
600630,A,1992/6/13,1993/2/9
600631,A,1992/6/13,1993/2/19
600632,A,1992/6/13,1993/2/19
600633,A,1992/6/13,1993/3/4
600634,A,1992/6/13,1993/3/4
600635,A,1991/12/8,1993/3/4
600636,A,1992/8/4,1993/3/16
600637,A,1992/8/4,1993/3/16
600638,A,1992/10/26,1993/3/26
600639,A,1992/6/16,1993/3/26
600640,A,1992/10/26,1993/4/7
600641,A,1992/3/2,1993/4/7
600642,A,1992/10/27,1993/4/16
600643,A,1992/8/4,1993/4/26
600644,A,1988/8/8,1993/4/26
600645,A,1992/8/18,1993/5/4
600646,A,1992/10/26,1993/5/4
600647,A,1992/6/25,1993/5/4
600648,A,1992/6/19,1993/5/4
600649,A,1992/10/29,1993/5/18
600650,A,1992/7/15,1993/6/7
600651,A,1984/11/18,1990/12/19
600652,A,1985/1/15,1990/12/19
600653,A,1987/3/20,1990/12/19
600654,A,1987/9/1,1990/12/19
600655,A,1992/5/30,1992/9/2
600656,A,1989/3/15,1990/12/19
600657,A,1992/12/21,1993/5/24
600658,A,1992/11/15,1993/5/24
600659,A,1991/11/21,1993/5/28
600660,A,1991/8/22,1993/6/10
600661,A,1992/10/26,1993/6/14
600662,A,1992/2/12,1993/6/14
600663,A,1992/6/19,1993/6/28
600664,A,1990/2/1,1993/6/29
600665,A,1992/10/26,1993/7/9
600666,A,1992/6/1,1993/7/12
600667,A,1993/2/25,1993/7/28
600668,A,1992/12/1,1993/7/28
600669,A,1992/5/1,1993/8/6
600670,A,1992/11/20,1993/8/9
600671,A,1993/2/28,1993/8/23
600672,A,1989/10/25,1993/9/17
600673,A,1993/2/27,1993/9/17
600674,A,1988/10/1,1993/9/24
600675,A,1993/8/6,1993/9/24
600676,A,1993/8/6,1993/9/28
600677,A,1992/10/1,1993/9/28
600678,A,1988/9/28,1993/10/8
600679,A,1993/8/6,1993/10/8
600680,A,1993/8/5,1993/10/18
600681,A,1993/9/16,1993/10/18
600682,A,1993/9/24,1993/10/18
600683,A,1993/9/25,1993/10/25
600684,A,1993/9/22,1993/10/28
600685,A,1993/9/22,1993/10/28
600686,A,1993/7/28,1993/11/8
600687,A,1993/7/28,1993/11/8
600688,A,1993/8/8,1993/11/8
600689,A,1993/8/6,1993/11/8
600690,A,1993/10/12,1993/11/19
600691,A,1992/12/1,1993/11/19
600692,A,1993/9/2,1993/11/19
600693,A,1993/10/13,1993/11/22
600694,A,1993/10/18,1993/11/22
600695,A,1993/8/10,1993/11/22
600696,A,1993/10/31,1993/12/6
600697,A,1993/10/16,1993/12/6
600698,A,1993/10/17,1993/12/6
600699,A,1993/11/10,1993/12/6
600700,A,1992/8/1,1996/4/30
600701,A,1996/5/6,1996/5/28
600702,A,1996/5/9,1996/5/24
600703,A,1996/5/14,1996/5/28
600704,A,1996/5/17,1996/6/6
600705,A,1993/6/1,1996/5/16
600706,A,1993/9/1,1996/5/16
600707,A,1992/8/14,1996/5/20
600708,A,1996/5/23,1996/6/6
600709,A,1996/5/27,1996/6/18
600710,A,1996/5/30,1996/7/1
600711,A,1993/8/1,1996/5/31
600712,A,1996/6/3,1996/6/26
600713,A,1996/6/7,1996/7/1
600714,A,1996/5/5,1996/6/6
600715,A,1996/6/12,1996/7/1
600716,A,1996/6/17,1996/7/2
600717,A,1995/8/27,1996/6/14
600718,A,1996/5/19,1996/6/18
600719,A,1996/6/24,1996/7/16
600720,A,1996/6/27,1996/7/16
600721,A,1996/6/3,1996/6/26
600722,A,1996/6/4,1996/6/26
600723,A,1996/6/27,1996/7/16
600724,A,1996/6/28,1996/7/16
600725,A,1996/6/10,1996/7/2
600726,B,1996/6/11,1996/7/1
600727,A,1996/5/27,1996/7/2
600728,A,1996/6/28,1996/7/16
600729,A,1992/6/25,1996/7/2
600730,A,1996/7/8,1996/7/26
600731,A,1996/7/12,1996/8/2
600732,A,1996/7/22,1996/8/16
600733,A,1996/7/23,1996/8/16
600734,A,1996/7/29,1996/8/8
600735,A,1988/10/25,1996/7/26
600736,A,1996/7/31,1996/8/15
600737,A,1996/7/4,1996/7/31
600738,A,1992/4/14,1996/8/2
600739,A,1996/8/6,1996/8/19
600740,A,1996/7/1,1996/8/8
600741,A,1996/8/14,1996/8/26
600742,A,1996/8/12,1996/8/26
600743,A,1996/8/20,1996/9/9
600744,A,1996/8/22,1996/9/5
600745,A,1993/3/1,1996/8/28
600746,A,1996/8/27,1996/9/18
600747,A,1996/9/3,1996/9/16
600748,A,1996/9/5,1996/9/25
600749,A,1996/9/12,1996/10/15
600750,A,1996/8/29,1996/9/23
600751,B,1992/7/21,1996/9/9
600752,A,1996/9/10,1996/9/25
600753,A,1996/9/16,1996/9/27
600754,B,1996/9/13,1996/10/11
600755,A,1996/9/18,1996/10/3
600756,A,1996/8/20,1996/9/23
600757,A,1996/9/20,1996/10/3
600758,A,1996/10/9,1996/10/29
600759,A,1993/9/1,1996/10/8
600760,A,1996/9/10,1996/10/11
600761,A,1996/9/16,1996/10/9
600762,A,1992/12/1,1996/10/25
600763,A,1996/10/21,1996/10/30
600764,A,1996/10/23,1996/11/4
600765,A,1996/10/22,1996/11/6
600766,A,1990/3/1,1996/10/28
600767,A,1996/10/30,1996/11/15
600768,A,1996/10/28,1996/11/11
600769,A,1996/10/15,1996/11/1
600770,A,1996/11/1,1996/11/20
600771,A,1996/10/16,1996/11/5
600772,A,1996/10/21,1996/11/4
600773,A,1996/10/7,1996/11/8
600774,A,1993/2/3,1996/11/8
600775,A,1996/11/7,1996/11/18
600776,B,1996/11/14,1996/11/26
600777,A,1992/4/29,1996/11/21
600778,A,1996/11/19,1996/12/3
600779,A,1996/11/20,1996/12/6
600780,A,1996/11/21,1996/12/5
600781,A,1996/11/26,1996/12/18
600782,A,1996/12/9,1996/12/25
600783,A,1992/9/21,1996/12/25
600784,A,1996/12/10,1996/12/25
600785,A,1996/12/24,1997/1/8
600786,A,1989/4/1,1996/12/27
600787,A,1996/12/18,1997/1/21
600788,A,1996/12/17,1996/12/30
600789,A,1997/1/23,1997/2/26
600790,A,1997/1/17,1997/2/28
600791,A,1997/1/21,1997/1/30
600792,A,1997/1/8,1997/1/23
600793,A,1988/12/7,1997/2/20
600794,A,1997/2/19,1997/3/6
600795,A,1992/11/2,1997/3/18
600796,A,1997/3/24,1997/4/8
600797,A,1997/3/25,1997/4/18
600798,A,1997/3/20,1997/4/23
600799,A,1997/3/28,1997/4/16
600800,A,1993/10/20,1993/12/6
600801,A,1993/11/6,1994/1/3
600802,A,1993/10/13,1994/1/3
600803,A,1993/11/8,1994/1/3
600804,A,1985/1/1,1994/1/3
600805,A,1993/11/24,1994/1/3
600806,A,1993/12/3,1994/1/3
600807,A,1992/7/28,1994/1/3
600808,A,1993/11/6,1994/1/6
600809,A,1993/11/8,1994/1/6
600810,A,1993/11/3,1994/1/6
600811,A,1993/11/9,1994/1/6
600812,A,1993/11/8,1994/1/14
600813,A,1993/11/22,1994/1/14
600814,A,1993/11/17,1994/1/14
600815,A,1993/12/8,1994/1/28
600816,A,1992/5/4,1994/1/28
600817,A,1992/7/1,1994/1/28
600818,B,1993/8/6,1994/1/28
600819,B,1993/8/8,1994/1/28
600820,A,1993/8/6,1994/1/28
600821,A,1992/4/15,1994/1/28
600822,A,1993/10/8,1994/2/4
600823,A,1993/10/12,1994/2/4
600824,A,1993/10/12,1994/2/4
600825,A,1993/10/10,1994/2/4
600826,A,1993/10/12,1994/2/4
600827,B,1993/10/10,1994/2/4
600828,A,1993/12/18,1994/2/24
600829,A,1994/1/12,1994/2/24
600830,A,1994/1/11,1994/2/24
600831,A,1992/4/25,1994/2/24
600832,A,1992/5/23,1994/2/24
600833,A,1992/6/17,1994/2/24
600834,A,1992/6/19,1994/2/24
600835,B,1993/8/6,1994/2/24
600836,A,1993/10/8,1994/2/24
600837,A,1993/10/12,1994/2/24
600838,A,1993/10/10,1994/2/24
600839,A,1988/10/3,1994/3/11
600840,A,1986/12/20,1994/3/11
600841,B,1993/10/10,1994/3/11
600842,A,1993/10/8,1994/3/11
600843,B,1993/10/10,1994/3/11
600844,B,1993/10/8,1994/3/11
600845,A,1993/10/8,1994/3/11
600846,A,1993/10/12,1994/3/11
600847,A,1994/2/16,1994/3/24
600848,A,1993/10/8,1994/3/24
600849,A,1993/10/8,1994/3/24
600850,A,1993/10/12,1994/3/24
600851,B,1993/11/1,1994/4/4
600852,A,1994/2/21,1994/4/4
600853,A,1994/1/16,1994/4/4
600854,A,1994/2/25,1994/4/25
600855,A,1994/3/27,1994/4/25
600856,A,1994/2/25,1994/4/25
600857,A,1994/3/31,1994/4/25
600858,A,1992/12/1,1994/5/6
600859,A,1994/3/27,1994/5/6
600860,A,1994/3/27,1994/5/6
600861,A,1994/3/27,1994/5/20
600862,A,1994/4/22,1994/5/20
600863,A,1994/3/26,1994/5/20
600864,A,1994/6/25,1994/8/9
600865,A,1994/6/28,1994/8/9
600866,A,1994/6/26,1994/8/18
600867,A,1994/6/30,1994/8/24
600868,A,1994/7/11,1994/9/12
600869,A,1995/1/12,1995/2/6
600870,A,1995/1/13,1995/2/28
600871,A,1995/1/18,1995/4/11
600872,A,1994/12/8,1995/1/24
600873,A,1995/1/6,1995/2/17
600874,A,1995/6/10,1995/6/30
600875,A,1995/7/4,1995/10/10
600876,A,1995/9/25,1995/10/31
600877,A,1988/10/1,1995/10/13
600878,A,1993/9/1,1995/10/13
600879,A,1987/1/1,1995/11/15
600880,A,1992/9/1,1995/11/15
600881,A,1987/1/1,1995/11/15
600882,A,1988/12/15,1995/12/6
600883,A,1988/12/1,1995/12/8
600884,A,1996/1/8,1996/1/30
600885,A,1996/1/15,1996/2/5
600886,A,1993/8/1,1996/1/18
600887,A,1996/1/25,1996/3/12
600888,A,1996/1/20,1996/2/15
600889,A,1996/2/6,1996/3/8
600890,A,1996/2/12,1996/3/18
600891,A,1996/3/6,1996/3/25
600892,A,1986/11/1,1996/3/15
600893,A,1996/3/21,1996/4/8
600894,A,1996/2/28,1996/3/28
600895,A,1996/4/3,1996/4/22
600896,A,1996/4/11,1996/5/3
600897,A,1996/4/17,1996/5/31
600898,A,1992/12/10,1996/4/18
600899,A,1996/3/26,1996/4/26
600900,A,2003/11/3,2003/11/18
600908,A,2016/9/8,2016/9/23
600909,A,2016/11/23,2016/12/6
600917,A,2014/9/19,2014/9/30
600919,A,2016/7/20,2016/8/2
600926,A,2016/10/14,2016/10/27
600936,A,2016/8/3,2016/8/15
600958,A,2015/3/10,2015/3/23
600959,A,2015/4/14,2015/4/28
600960,A,2004/3/23,2004/4/7
600961,A,2004/8/13,2004/8/30
600962,A,2004/6/7,2004/6/22
600963,A,2004/5/10,2004/5/25
600965,A,2004/6/28,2004/7/13
600966,A,2004/5/24,2004/6/8
600967,A,2004/4/26,2004/5/18
600969,A,2004/3/26,2004/4/8
600970,A,2005/3/22,2005/4/12
600971,A,2004/8/2,2004/8/17
600973,A,2004/7/16,2004/8/2
600975,A,2004/5/25,2004/6/9
600976,A,2004/4/2,2004/4/19
600977,A,2016/7/28,2016/8/9
600978,A,2004/8/9,2004/8/24
600979,A,2004/8/20,2004/9/6
600980,A,2004/4/20,2004/5/12
600981,A,2004/6/15,2004/6/30
600982,A,2004/6/21,2004/7/6
600983,A,2004/7/12,2004/7/27
600984,A,2004/6/22,2004/7/7
600985,A,2004/4/13,2004/4/28
600986,A,2004/4/9,2004/4/26
600987,A,2004/7/23,2004/8/9
600988,A,2004/3/30,2004/4/14
600990,A,2004/4/16,2004/5/10
600991,A,2004/5/28,2004/6/14
600992,A,2004/4/22,2004/5/14
600993,A,2004/4/23,2004/5/17
600995,A,2004/5/31,2004/6/15
600996,A,2016/12/13,2016/12/26
600997,A,2004/5/18,2004/6/2
600998,A,2010/10/22,2010/11/2
600999,A,2009/11/9,2009/11/17
601000,A,2010/6/17,2010/7/5
601001,A,2006/6/7,2006/6/23
601002,A,2007/1/11,2007/1/26
601003,A,2007/2/5,2007/2/27
601005,A,2007/2/5,2007/2/28
601006,A,2006/7/18,2006/8/1
601007,A,2007/3/21,2007/4/6
601008,A,2007/4/12,2007/4/26
601009,A,2007/7/11,2007/7/19
601010,A,2011/5/24,2011/6/3
601011,A,2011/2/23,2011/3/9
601012,A,2012/3/26,2012/4/11
601015,A,2014/10/23,2014/11/5
601016,A,2014/9/17,2014/9/29
601018,A,2010/9/13,2010/9/28
601020,A,2016/3/3,2016/3/16
601021,A,2015/1/9,2015/1/21
601028,A,2011/10/26,2011/11/7
601038,A,2012/7/26,2012/8/8
601058,A,2011/6/21,2011/6/30
601069,A,2015/1/13,2015/1/22
601088,A,2007/9/24,2007/10/9
601098,A,2010/10/19,2010/10/28
601099,A,2007/5/25,2007/12/28
601100,A,2011/10/18,2011/10/28
601101,A,2010/3/22,2010/3/31
601106,A,2010/1/29,2010/2/9
601107,A,2009/7/14,2009/7/27
601111,A,2006/8/3,2006/8/18
601113,A,2011/4/25,2011/5/9
601116,A,2011/2/18,2011/3/2
601117,A,2009/12/24,2010/1/7
601118,A,2010/12/27,2011/1/7
601126,A,2010/12/23,2010/12/31
601127,A,2016/5/31,2016/6/15
601128,A,2016/9/20,2016/9/30
601137,A,2011/1/18,2011/1/27
601139,A,2009/12/10,2009/12/25
601155,A,2015/11/25,2015/12/4
601158,A,2010/3/15,2010/3/29
601163,A,2016/8/30,2016/9/9
601166,A,2007/1/22,2007/2/5
601168,A,2007/7/2,2007/7/12
601169,A,2007/9/10,2007/9/19
601177,A,2010/9/21,2010/10/11
601179,A,2010/1/18,2010/1/28
601186,A,2008/2/25,2008/3/10
601188,A,2010/2/26,2010/3/19
601198,A,2015/2/9,2015/2/26
601199,A,2011/3/8,2011/3/17
601208,A,2011/5/11,2011/5/20
601211,A,2015/6/17,2015/6/26
601216,A,2011/2/9,2011/2/22
601218,A,2011/4/25,2011/5/6
601222,A,2011/7/29,2011/8/8
601225,A,2014/1/16,2014/1/28
601226,A,2014/11/26,2014/12/11
601229,A,2016/11/2,2016/11/16
601231,A,2012/2/9,2012/2/20
601233,A,2011/5/4,2011/5/18
601238,A,2012/3/23,2012/3/29
601258,A,2011/4/15,2011/4/28
601268,A,2010/1/21,2010/2/2
601288,A,2010/7/1,2010/7/15
601299,A,2009/12/18,2009/12/29
601311,A,2011/5/24,2011/6/2
601313,A,2012/1/5,2012/1/16
601318,A,2007/2/9,2007/3/1
601328,A,2007/4/24,2007/5/15
601333,A,2006/12/12,2006/12/22
601336,A,2011/12/5,2011/12/16
601339,A,2012/5/30,2012/6/12
601368,A,2015/6/1,2015/6/12
601369,A,2010/4/14,2010/4/28
601377,A,2010/9/21,2010/10/13
601388,A,2012/4/6,2012/4/23
601390,A,2007/11/20,2007/12/3
601398,A,2006/10/16,2006/10/27
601500,A,2016/9/5,2016/9/19
601515,A,2012/2/6,2012/2/16
601518,A,2010/2/26,2010/3/19
601519,A,2011/1/19,2011/1/28
601555,A,2011/12/1,2011/12/12
601558,A,2011/1/4,2011/1/13
601566,A,2011/5/18,2011/5/30
601567,A,2011/6/1,2011/6/15
601579,A,2014/8/13,2014/8/25
601588,A,2006/9/19,2006/10/16
601595,A,2016/8/5,2016/8/17
601599,A,2011/5/17,2011/5/27
601600,A,2007/4/24,2007/4/30
601601,A,2007/12/13,2007/12/25
601607,A,1993/10/8,1994/3/24
601608,A,2012/6/26,2012/7/6
601611,A,2016/5/25,2016/6/6
601616,A,2011/1/24,2011/2/1
601618,A,2009/9/8,2009/9/21
601628,A,2006/12/25,2007/1/9
601633,A,2011/9/16,2011/9/28
601636,A,2011/8/3,2011/8/12
601666,A,2006/11/7,2006/11/23
601668,A,2009/7/21,2009/7/29
601669,A,2011/9/26,2011/10/18
601677,A,2011/9/6,2011/9/19
601678,A,2010/2/5,2010/2/23
601688,A,2010/2/8,2010/2/26
601689,A,2015/3/10,2015/3/19
601699,A,2006/9/4,2006/9/22
601700,A,2011/1/5,2011/1/18
601717,A,2010/7/19,2010/8/3
601718,A,2010/8/3,2010/8/16
601727,A,2008/11/13,2008/12/5
601766,A,2008/8/4,2008/8/18
601777,A,2010/11/12,2010/11/25
601788,A,2009/8/3,2009/8/18
601789,A,2011/8/4,2011/8/16
601798,A,2011/6/9,2011/6/22
601799,A,2011/1/24,2011/2/1
601800,A,2012/2/14,2012/3/9
601801,A,2010/1/4,2010/1/18
601808,A,2007/9/19,2007/9/28
601811,A,2016/7/27,2016/8/8
601818,A,2010/8/9,2010/8/18
601857,A,2007/10/25,2007/11/5
601866,A,2007/12/4,2007/12/12
601872,A,2006/11/16,2006/12/1
601877,A,2010/1/8,2010/1/21
601880,A,2010/11/22,2010/12/6
601882,A,2016/10/25,2016/11/7
601886,A,2011/8/8,2011/8/18
601888,A,2009/9/22,2009/10/15
601890,A,2010/12/14,2010/12/28
601898,A,2008/1/24,2008/2/1
601899,A,2008/4/15,2008/4/25
601900,A,2016/1/28,2016/2/15
601901,A,2011/7/29,2011/8/10
601908,A,2011/8/26,2011/9/8
601918,A,2007/12/4,2007/12/19
601919,A,2007/6/15,2007/6/26
601928,A,2011/11/21,2011/11/30
601929,A,2012/2/9,2012/2/23
601933,A,2010/12/6,2010/12/15
601939,A,2007/9/14,2007/9/25
601958,A,2008/4/8,2008/4/17
601965,A,2012/5/29,2012/6/11
601966,A,2016/6/22,2016/7/6
601968,A,2015/6/2,2015/6/11
601969,A,2014/11/24,2014/12/9
601985,A,2015/6/1,2015/6/10
601988,A,2006/6/19,2006/7/5
601989,A,2009/12/4,2009/12/16
601991,A,2006/12/6,2006/12/20
601992,A,2011/2/10,2011/3/1
601996,A,2011/9/19,2011/9/29
601997,A,2016/8/4,2016/8/16
601998,A,2007/4/16,2007/4/27
601999,A,2007/12/13,2007/12/21
603000,A,2012/4/17,2012/4/27
603001,A,2012/4/17,2012/4/26
603002,A,2012/5/3,2012/5/18
603003,A,2012/8/7,2012/8/17
603005,A,2014/1/15,2014/2/10
603006,A,2014/6/17,2014/6/30
603007,A,2016/8/12,2016/8/26
603008,A,2012/7/5,2012/7/17
603009,A,2014/7/9,2014/7/18
603010,A,2014/9/23,2014/10/10
603011,A,2014/10/24,2014/11/7
603012,A,2015/3/11,2015/3/20
603015,A,2015/2/10,2015/3/3
603016,A,2016/6/21,2016/7/1
603017,A,2014/12/19,2014/12/31
603018,A,2014/9/23,2014/10/13
603019,A,2014/10/23,2014/11/6
603020,A,2015/3/11,2015/3/25
603021,A,2015/4/14,2015/4/23
603022,A,2015/5/5,2015/5/18
603023,A,2015/5/18,2015/5/27
603025,A,2015/4/13,2015/4/22
603026,A,2015/5/20,2015/5/29
603027,A,2016/2/24,2016/3/7
603028,A,2016/3/21,2016/3/31
603029,A,2016/4/15,2016/4/27
603030,A,2015/3/11,2015/3/20
603031,A,2016/8/10,2016/8/22
603033,A,2016/11/24,2016/12/7
603036,A,2016/11/28,2016/12/9
603058,A,2016/12/12,2016/12/23
603060,A,2016/10/28,2016/11/9
603066,A,2015/6/2,2015/6/11
603067,A,2016/9/1,2016/9/13
603069,A,2016/6/29,2016/7/12
603077,A,2012/7/18,2012/7/31
603085,A,2015/6/18,2015/6/30
603088,A,2014/10/24,2014/11/11
603090,A,2016/8/16,2016/8/31
603098,A,2016/12/1,2016/12/16
603099,A,2014/8/12,2014/8/22
603100,A,2014/7/22,2014/8/5
603101,A,2016/4/25,2016/5/6
603108,A,2015/5/18,2015/5/27
603111,A,2014/7/22,2014/8/1
603116,A,2015/6/17,2015/6/29
603117,A,2015/6/17,2015/6/29
603118,A,2015/2/9,2015/2/25
603123,A,2012/4/18,2012/5/3
603126,A,2014/7/22,2014/7/31
603128,A,2012/5/16,2012/5/29
603131,A,2016/5/26,2016/6/7
603158,A,2015/3/11,2015/3/20
603159,A,2016/8/2,2016/8/12
603160,A,2016/9/28,2016/10/17
603166,A,2014/11/14,2014/11/27
603167,A,2012/8/22,2012/9/6
603168,A,2014/6/19,2014/7/2
603169,A,2014/9/23,2014/10/9
603188,A,2014/8/27,2014/9/9
603189,A,2016/9/2,2016/9/14
603198,A,2015/5/19,2015/5/28
603199,A,2015/3/11,2015/3/26
603203,A,2016/10/27,2016/11/8
603218,A,2016/12/19,2016/12/28
603222,A,2015/2/9,2015/2/17
603223,A,2015/6/18,2015/6/30
603227,A,2015/5/5,2015/5/15
603239,A,2016/12/21,2016/12/30
603258,A,2016/10/17,2016/10/26
603268,A,2015/3/10,2015/3/19
603288,A,2014/1/23,2014/2/11
603298,A,2016/12/14,2016/12/27
603299,A,2015/12/22,2015/12/31
603300,A,2015/5/19,2015/5/29
603306,A,2014/9/17,2014/9/26
603308,A,2014/1/10,2014/1/22
603309,A,2015/2/9,2015/3/2
603311,A,2015/5/6,2015/5/18
603313,A,2016/9/26,2016/10/13
603315,A,2015/4/14,2015/4/24
603318,A,2015/4/13,2015/4/24
603319,A,2016/11/21,2016/11/30
603322,A,2016/7/18,2016/7/28
603323,A,2016/11/16,2016/11/29
603328,A,2014/6/18,2014/7/1
603333,A,2012/4/24,2012/5/7
603336,A,2016/11/14,2016/11/24
603338,A,2015/3/12,2015/3/25
603339,A,2016/5/6,2016/5/19
603355,A,2015/5/4,2015/5/13
603366,A,2012/5/9,2012/5/21
603368,A,2014/11/21,2014/12/4
603369,A,2014/6/20,2014/7/3
603377,A,2016/1/27,2016/2/5
603389,A,2016/12/5,2016/12/15
603393,A,2016/8/31,2016/9/12
603398,A,2015/11/30,2015/12/9
603399,A,2012/8/14,2012/8/24
603416,A,2016/12/8,2016/12/21
603421,A,2016/9/22,2016/10/11
603456,A,2014/9/23,2014/10/10
603508,A,2015/12/11,2015/12/24
603515,A,2016/8/9,2016/8/19
603518,A,2014/11/21,2014/12/3
603519,A,2015/3/10,2015/3/19
603520,A,2016/2/26,2016/3/9
603528,A,2016/4/21,2016/5/3
603555,A,2014/1/14,2014/1/24
603556,A,2016/10/31,2016/11/10
603558,A,2015/1/14,2015/1/27
603559,A,2016/11/18,2016/12/2
603566,A,2015/5/6,2015/5/18
603567,A,2015/4/13,2015/4/24
603568,A,2015/5/19,2015/5/28
603569,A,2016/7/29,2016/8/10
603577,A,2016/12/9,2016/12/22
603585,A,2016/12/2,2016/12/14
603588,A,2014/12/18,2014/12/29
603589,A,2015/6/17,2015/6/29
603598,A,2015/5/18,2015/5/27
603599,A,2015/5/4,2015/5/13
603600,A,2015/1/14,2015/1/23
603601,A,2015/1/13,2015/1/22
603606,A,2014/9/24,2014/10/15
603608,A,2016/2/1,2016/2/18
603609,A,2014/7/29,2014/8/8
603611,A,2015/1/13,2015/1/28
603616,A,2015/6/2,2015/6/11
603618,A,2015/2/9,2015/2/17
603633,A,2016/11/7,2016/11/17
603636,A,2014/12/19,2014/12/30
603658,A,2016/8/19,2016/9/1
603660,A,2016/11/17,2016/12/1
603663,A,2016/7/19,2016/8/1
603667,A,2016/10/12,2016/10/25
603669,A,2015/5/19,2015/5/28
603678,A,2015/1/13,2015/1/26
603686,A,2015/1/14,2015/1/26
603688,A,2014/10/23,2014/10/31
603696,A,2015/11/30,2015/12/9
603698,A,2015/1/15,2015/1/28
603699,A,2014/1/8,2014/1/17
603701,A,2016/3/30,2016/4/12
603703,A,2015/4/13,2015/4/23
603708,A,2016/11/30,2016/12/13
603716,A,2016/10/19,2016/10/31
603718,A,2015/5/5,2015/5/15
603726,A,2016/4/11,2016/4/21
603727,A,2016/11/10,2016/11/22
603729,A,2015/3/10,2015/3/24
603737,A,2016/5/23,2016/6/3
603738,A,2016/9/14,2016/9/28
603766,A,2012/7/31,2012/8/10
603777,A,2016/9/23,2016/10/12
603778,A,2015/12/22,2015/12/31
603779,A,2016/5/4,2016/5/16
603788,A,2015/1/9,2015/1/20
603789,A,2015/4/13,2015/4/27
603798,A,2016/3/23,2016/4/6
603799,A,2015/1/15,2015/1/29
603800,A,2015/11/30,2015/12/10
603806,A,2014/8/27,2014/9/5
603808,A,2015/4/13,2015/4/22
603816,A,2016/9/27,2016/10/14
603818,A,2015/4/13,2015/4/22
603819,A,2016/11/15,2016/11/25
603822,A,2016/4/18,2016/4/28
603823,A,2016/12/7,2016/12/20
603828,A,2015/2/10,2015/2/26
603838,A,2015/6/17,2015/7/1
603843,A,2016/8/24,2016/9/5
603858,A,2016/11/8,2016/11/18
603859,A,2016/10/11,2016/10/21
603861,A,2016/3/9,2016/3/22
603866,A,2015/12/11,2015/12/22
603868,A,2016/4/5,2016/4/18
603869,A,2015/3/11,2015/3/26
603878,A,2016/12/6,2016/12/19
603883,A,2015/4/13,2015/4/23
603885,A,2015/5/18,2015/5/27
603886,A,2016/12/15,2016/12/28
603887,A,2016/9/21,2016/10/10
603888,A,2016/10/18,2016/10/28
603889,A,2014/12/22,2014/12/31
603898,A,2015/2/9,2015/2/17
603899,A,2015/1/14,2015/1/27
603900,A,2016/11/11,2016/11/23
603901,A,2015/5/19,2015/5/29
603909,A,2016/6/16,2016/6/28
603918,A,2015/5/19,2015/5/28
603919,A,2016/3/1,2016/3/10
603928,A,2016/11/29,2016/12/12
603929,A,2016/12/20,2016/12/30
603936,A,2015/11/30,2015/12/9
603939,A,2015/2/9,2015/2/17
603958,A,2016/6/17,2016/6/29
603959,A,2016/5/5,2016/5/17
603968,A,2015/5/6,2015/5/18
603969,A,2015/2/10,2015/2/27
603977,A,2016/11/1,2016/11/11
603979,A,2015/6/18,2015/6/30
603986,A,2016/8/8,2016/8/18
603987,A,2016/11/9,2016/11/21
603988,A,2014/10/23,2014/11/4
603989,A,2015/5/6,2015/5/15
603990,A,2016/11/25,2016/12/8
603993,A,2012/9/21,2012/10/9
603996,A,2015/12/11,2015/12/22
603997,A,2015/2/11,2015/3/2
603998,A,2014/11/24,2014/12/5
603999,A,2015/11/30,2015/12/10
